origin,dest,route,total_flights,average_departure_delay_minutes,average_arrival_delay_minutes,cancellation_rate_percent,departure_delay_percentage,arrival_delay_percentage
BNA,DFW,BNA->DFW,274,52.90,54.72,8.39,29.93,32.48
CID,ORD,CID->ORD,129,47.03,45.83,11.63,31.78,36.43
MCI,DFW,MCI->DFW,192,36.34,45.77,1.04,29.69,41.67
BDL,DCA,BDL->DCA,155,43.96,42.96,6.45,24.52,27.74
EGE,DFW,EGE->DFW,124,40.52,42.07,1.61,34.68,38.71
ASE,IAH,ASE->IAH,102,45.23,41.52,11.76,38.24,34.31
DTW,HPN,DTW->HPN,106,42.87,40.22,6.60,29.25,28.30
BWI,DFW,BWI->DFW,114,39.34,39.43,1.75,27.19,30.70
STL,DFW,STL->DFW,173,35.80,38.89,1.16,32.37,38.15
HPN,DTW,HPN->DTW,105,48.92,38.04,7.62,33.33,32.38
BTV,DCA,BTV->DCA,107,41.86,37.87,9.35,23.36,26.17
AGS,ATL,AGS->ATL,174,42.37,37.58,0.00,32.76,33.91
MSY,DFW,MSY->DFW,215,32.74,36.67,1.40,29.30,35.81
PNS,CLT,PNS->CLT,149,40.54,36.63,1.34,28.19,28.19
DTW,PHX,DTW->PHX,169,47.63,36.61,1.78,30.18,31.95
PBI,DFW,PBI->DFW,111,36.03,36.46,3.60,35.14,40.54
SEA,EUG,SEA->EUG,112,40.97,36.21,15.18,23.21,21.43
RDM,SEA,RDM->SEA,141,34.56,36.13,10.64,17.02,23.40
BUF,ORD,BUF->ORD,121,37.73,35.85,15.70,26.45,30.58
BTR,DFW,BTR->DFW,141,33.70,35.25,4.26,31.21,34.04
ORD,SBN,ORD->SBN,148,42.96,35.07,19.59,28.38,28.38
COS,DFW,COS->DFW,153,32.99,34.98,0.00,26.80,32.68
ORD,MKE,ORD->MKE,155,35.37,34.88,7.74,29.68,32.26
ORD,CID,ORD->CID,127,42.36,34.88,11.81,29.13,33.07
MCI,DCA,MCI->DCA,168,34.31,34.38,11.90,25.00,29.76
ATW,ORD,ATW->ORD,139,34.35,33.61,12.23,24.46,32.37
PDX,DFW,PDX->DFW,175,37.04,33.41,5.14,30.86,32.00
GRB,ORD,GRB->ORD,130,35.03,33.11,9.23,23.08,30.00
DFW,PDX,DFW->PDX,175,37.04,33.05,5.14,33.14,33.71
ORD,BUF,ORD->BUF,121,34.72,32.90,14.05,24.79,27.27
HPN,ATL,HPN->ATL,137,40.92,32.73,0.73,33.58,31.39
TUL,DFW,TUL->DFW,221,28.34,32.66,3.17,22.62,33.94
XNA,DFW,XNA->DFW,250,23.49,32.16,3.60,30.40,40.80
CLT,CVG,CLT->CVG,148,34.44,32.02,0.68,34.46,37.16
SGF,DFW,SGF->DFW,234,28.69,31.89,5.98,29.06,32.48
ORD,FAR,ORD->FAR,123,35.58,31.81,5.69,29.27,34.96
ATL,EYW,ATL->EYW,127,28.81,31.47,0.00,19.69,26.77
DRO,DEN,DRO->DEN,124,33.53,30.94,0.00,22.58,25.00
AUS,DFW,AUS->DFW,379,28.92,30.74,1.85,24.54,29.55
MCO,DFW,MCO->DFW,435,28.86,30.23,1.15,32.41,37.93
BDL,MCO,BDL->MCO,153,31.18,30.05,2.61,24.18,30.07
MCI,ORD,MCI->ORD,235,25.33,29.90,6.38,24.26,32.77
STL,ORD,STL->ORD,172,29.87,29.89,9.30,28.49,30.23
TPA,DFW,TPA->DFW,242,30.03,29.57,1.65,32.23,34.30
IAH,SFO,IAH->SFO,251,34.52,29.43,11.95,29.48,25.90
OMA,DFW,OMA->DFW,120,27.51,29.37,1.67,32.50,41.67
BNA,CLT,BNA->CLT,314,30.70,29.31,6.37,24.84,29.30
DFW,SMF,DFW->SMF,142,33.23,29.01,0.70,35.21,33.80
DTW,ORD,DTW->ORD,353,29.77,28.98,9.07,24.36,29.75
CVG,CLT,CVG->CLT,148,33.46,28.97,1.35,28.38,31.08
MIA,MSY,MIA->MSY,177,22.27,28.90,0.56,28.81,41.24
DFW,COS,DFW->COS,153,34.57,28.84,0.00,30.07,27.45
FSD,ORD,FSD->ORD,104,27.00,28.84,8.65,26.92,36.54
DFW,STL,DFW->STL,173,30.13,28.79,1.16,30.64,32.37
HPN,DCA,HPN->DCA,113,33.43,28.66,7.96,28.32,26.55
PNS,DFW,PNS->DFW,111,28.39,28.63,1.80,27.93,28.83
OMA,ORD,OMA->ORD,153,28.85,28.56,9.15,20.26,20.92
LFT,DFW,LFT->DFW,111,28.69,28.52,9.91,23.42,22.52
DFW,TPA,DFW->TPA,242,28.11,28.39,0.83,39.26,38.43
CHS,DCA,CHS->DCA,137,26.18,28.39,6.57,22.63,26.28
PBI,PHL,PBI->PHL,178,32.48,28.32,2.81,25.84,28.09
BIS,MSP,BIS->MSP,119,32.92,28.25,0.00,22.69,21.01
GRR,ORD,GRR->ORD,242,29.56,28.23,11.98,28.10,33.47
MKE,ORD,MKE->ORD,156,33.73,28.12,12.18,25.64,29.49
ORD,PHL,ORD->PHL,297,27.51,28.10,2.69,30.64,35.02
ORD,GRR,ORD->GRR,242,29.71,27.96,11.98,26.03,29.75
IAH,FLL,IAH->FLL,244,29.35,27.89,3.28,27.87,27.46
MIA,DFW,MIA->DFW,445,25.94,27.86,1.12,32.13,37.98
OKC,DFW,OKC->DFW,228,24.92,27.86,3.51,24.56,31.58
BNA,EWR,BNA->EWR,137,44.58,27.70,13.87,13.87,13.87
ORD,AUS,ORD->AUS,226,27.58,27.67,3.10,33.19,43.36
ORD,TUL,ORD->TUL,107,31.58,27.63,3.74,28.04,32.71
PHL,MIA,PHL->MIA,265,23.27,27.62,0.00,18.11,29.43
ORD,JFK,ORD->JFK,210,30.45,27.55,7.62,29.52,31.90
DFW,AUS,DFW->AUS,381,26.77,27.51,1.05,35.17,37.53
DEN,IAD,DEN->IAD,221,30.47,27.51,18.55,24.89,26.70
LBB,DFW,LBB->DFW,199,30.78,27.45,5.03,26.63,28.64
DFW,BHM,DFW->BHM,153,30.59,27.44,2.61,31.37,32.68
DTW,GRR,DTW->GRR,114,29.84,27.19,1.75,29.82,40.35
ORD,GRB,ORD->GRB,130,29.50,26.94,8.46,27.69,32.31
SJU,PHL,SJU->PHL,161,28.36,26.92,2.48,40.37,37.27
ORD,DTW,ORD->DTW,356,27.63,26.92,7.30,30.06,36.24
STL,DCA,STL->DCA,202,27.42,26.87,6.93,20.30,22.77
ORD,MSN,ORD->MSN,164,28.30,26.82,9.76,29.27,34.15
SFO,DFW,SFO->DFW,294,32.37,26.79,0.68,30.95,32.99
DCA,HPN,DCA->HPN,113,24.16,26.76,6.19,28.32,31.86
SJU,FLL,SJU->FLL,177,29.65,26.66,0.00,27.12,28.81
ORD,SAT,ORD->SAT,108,28.68,26.42,2.78,28.70,38.89
FLL,DFW,FLL->DFW,252,25.68,26.42,0.79,34.92,38.89
SEA,HNL,SEA->HNL,233,24.16,26.36,13.73,31.33,33.05
IAH,DFW,IAH->DFW,368,29.62,26.33,4.35,27.45,29.62
ORD,IAD,ORD->IAD,124,31.77,26.25,2.42,33.06,27.42
BDL,CLT,BDL->CLT,121,29.00,26.21,0.00,23.14,24.79
AMA,DFW,AMA->DFW,183,24.12,26.20,6.01,21.31,30.05
EYW,CLT,EYW->CLT,148,31.09,26.19,0.68,31.08,30.41
MFE,DFW,MFE->DFW,173,29.88,26.19,1.16,21.97,23.12
ATL,AGS,ATL->AGS,175,28.85,26.18,0.57,26.29,25.71
PHL,CLT,PHL->CLT,315,29.78,26.11,1.59,26.35,26.67
MDW,DTW,MDW->DTW,171,27.89,26.04,7.02,30.41,29.24
MSN,ORD,MSN->ORD,162,28.06,25.94,11.11,30.86,35.19
DFW,PBI,DFW->PBI,111,25.84,25.80,3.60,32.43,38.74
BOS,MCO,BOS->MCO,421,22.82,25.77,0.95,25.42,38.24
TYS,CLT,TYS->CLT,203,25.83,25.63,7.39,18.23,26.11
DFW,PNS,DFW->PNS,111,25.50,25.45,1.80,24.32,29.73
IAH,ASE,IAH->ASE,101,36.19,25.44,7.92,34.65,30.69
DTW,PHL,DTW->PHL,228,25.45,25.39,3.95,21.93,28.95
AUS,PHX,AUS->PHX,302,29.50,25.29,0.66,30.79,28.81
PHL,DTW,PHL->DTW,228,29.05,25.26,4.39,28.95,25.88
DFW,OMA,DFW->OMA,120,23.78,25.23,1.67,35.83,37.50
MCO,AUS,MCO->AUS,243,19.29,25.18,0.82,25.10,39.09
DTW,MCO,DTW->MCO,358,28.55,25.16,2.51,25.98,32.40
ROC,JFK,ROC->JFK,126,31.44,25.15,6.35,26.98,30.16
MKE,DCA,MKE->DCA,113,21.72,25.09,13.27,15.93,23.89
DFW,MSY,DFW->MSY,214,23.09,25.05,1.40,31.31,35.98
FLL,IAH,FLL->IAH,246,23.91,25.01,2.85,30.49,35.77
ORD,BOS,ORD->BOS,466,24.57,24.89,7.94,25.32,27.47
JFK,BUF,JFK->BUF,201,29.42,24.78,14.93,27.36,25.87
DFW,LBB,DFW->LBB,199,27.43,24.70,5.03,25.63,25.13
MSP,IND,MSP->IND,106,27.69,24.69,0.94,26.42,33.02
ORD,MSY,ORD->MSY,127,26.09,24.60,2.36,30.71,34.65
MEM,CLT,MEM->CLT,148,27.01,24.46,2.03,25.68,29.05
RNO,SFO,RNO->SFO,115,24.01,24.33,0.87,30.43,36.52
DEN,OMA,DEN->OMA,260,25.58,24.29,7.31,24.62,25.77
DFW,SAT,DFW->SAT,369,25.39,24.26,3.52,31.17,31.44
CMH,DFW,CMH->DFW,125,26.74,24.21,2.40,23.20,25.60
BOS,FLL,BOS->FLL,281,23.83,24.12,1.42,27.05,34.52
FLL,ORD,FLL->ORD,299,32.76,24.10,9.70,33.78,29.77
SBN,ORD,SBN->ORD,147,29.20,24.07,21.09,23.81,27.21
ATL,TRI,ATL->TRI,114,29.22,23.98,2.63,25.44,22.81
MEM,DFW,MEM->DFW,176,20.40,23.94,3.98,26.70,34.66
CLE,DFW,CLE->DFW,125,28.18,23.90,5.60,27.20,33.60
FLL,AUS,FLL->AUS,126,15.59,23.89,0.00,34.13,47.62
LIT,DFW,LIT->DFW,217,23.80,23.86,4.15,31.34,35.94
DFW,LAS,DFW->LAS,467,28.27,23.84,1.71,34.05,32.98
SGF,ORD,SGF->ORD,116,21.41,23.81,8.62,18.97,24.14
MCO,MIA,MCO->MIA,341,22.93,23.70,1.17,24.05,27.27
ORD,ICT,ORD->ICT,121,29.04,23.65,5.79,30.58,29.75
ASE,ORD,ASE->ORD,150,31.11,23.56,12.67,34.00,31.33
CMH,CLT,CMH->CLT,147,28.63,23.54,0.00,20.41,25.17
DFW,BNA,DFW->BNA,274,23.21,23.54,8.76,31.39,32.48
SFO,MIA,SFO->MIA,154,27.33,23.51,9.09,14.94,25.97
SLC,DFW,SLC->DFW,335,24.61,23.50,1.79,25.37,31.64
ORD,BDL,ORD->BDL,132,22.86,23.46,5.30,29.55,31.82
ORD,BWI,ORD->BWI,211,22.46,23.45,8.06,26.54,33.65
JAX,DFW,JAX->DFW,131,22.28,23.41,0.76,22.90,23.66
DFW,MFE,DFW->MFE,173,24.14,23.29,1.16,29.48,30.64
MIA,TPA,MIA->TPA,211,22.33,23.27,0.95,34.12,37.91
MIA,PHX,MIA->PHX,155,23.12,23.24,0.00,29.03,39.35
JAN,DFW,JAN->DFW,144,23.13,23.24,2.08,22.92,25.69
DFW,MCI,DFW->MCI,191,23.56,23.24,1.05,29.84,28.27
MCO,PHX,MCO->PHX,128,24.54,23.22,0.00,19.53,31.25
MCO,MCI,MCO->MCI,155,22.38,23.22,3.87,29.68,32.26
CLE,RSW,CLE->RSW,132,25.10,23.17,6.82,21.21,25.00
HSV,DFW,HSV->DFW,152,24.64,23.15,7.89,28.29,31.58
JFK,ORD,JFK->ORD,209,33.96,23.14,7.18,30.14,28.71
DFW,BTR,DFW->BTR,141,24.47,23.10,4.26,25.53,26.95
MSP,BOS,MSP->BOS,155,30.23,23.05,0.65,20.00,20.65
SMF,DFW,SMF->DFW,142,27.60,23.04,1.41,26.06,23.24
IAH,ORD,IAH->ORD,359,27.92,22.98,7.24,25.35,27.02
CLT,SRQ,CLT->SRQ,173,24.87,22.85,0.58,27.75,28.90
STL,MCO,STL->MCO,208,23.40,22.84,1.92,31.25,33.65
PIT,DFW,PIT->DFW,121,24.30,22.84,1.65,23.14,31.40
BOS,PBI,BOS->PBI,172,21.39,22.80,1.16,26.16,36.05
DEN,DRO,DEN->DRO,124,28.53,22.77,0.00,26.61,29.03
CLT,CMH,CLT->CMH,147,26.80,22.73,0.00,31.29,31.29
MIA,RDU,MIA->RDU,201,24.21,22.73,0.50,34.83,34.83
CLE,MCO,CLE->MCO,226,25.97,22.65,6.19,25.66,26.99
SJU,MCO,SJU->MCO,520,25.67,22.65,0.38,28.27,29.42
MIA,MCO,MIA->MCO,341,23.51,22.63,1.17,30.79,33.43
MCO,MSY,MCO->MSY,226,20.66,22.59,0.44,30.09,34.51
MCO,HOU,MCO->HOU,179,19.59,22.42,0.56,37.99,43.58
BUF,JFK,BUF->JFK,201,21.58,22.38,16.42,17.41,26.87
SEA,RDM,SEA->RDM,142,30.00,22.32,9.86,21.83,22.54
DFW,AMA,DFW->AMA,183,24.93,22.30,6.01,25.68,27.32
MDW,ATL,MDW->ATL,262,25.17,22.27,6.49,21.76,22.52
ORD,DFW,ORD->DFW,464,21.78,22.26,3.02,26.29,36.85
BOS,SJU,BOS->SJU,156,24.11,22.20,0.64,28.85,30.77
DFW,IAD,DFW->IAD,142,23.12,22.12,2.11,28.17,30.28
CLT,JFK,CLT->JFK,264,29.96,22.11,2.65,28.41,26.89
OMA,MSP,OMA->MSP,120,22.19,22.07,1.67,25.00,25.00
MIA,IAH,MIA->IAH,263,17.61,22.07,8.75,27.00,36.88
DTW,TPA,DTW->TPA,204,24.03,22.04,1.96,27.45,34.31
PSC,SEA,PSC->SEA,125,27.15,22.01,6.40,28.00,26.40
CLT,PHL,CLT->PHL,317,26.34,21.96,1.58,33.12,28.71
HPN,MCO,HPN->MCO,124,18.58,21.92,0.81,25.00,32.26
MSP,GRR,MSP->GRR,113,30.03,21.83,1.77,20.35,21.24
ORD,BNA,ORD->BNA,376,21.37,21.74,11.17,23.94,28.99
SDF,ORD,SDF->ORD,143,22.12,21.72,2.80,19.58,26.57
ORD,SFO,ORD->SFO,295,32.73,21.72,7.80,28.47,27.12
MGM,ATL,MGM->ATL,106,28.04,21.68,0.94,25.47,27.36
DFW,BOS,DFW->BOS,282,27.01,21.66,1.06,35.11,34.04
IND,DFW,IND->DFW,127,20.46,21.65,0.00,24.41,33.86
SEA,PSC,SEA->PSC,125,27.81,21.61,5.60,26.40,25.60
CLT,PIT,CLT->PIT,146,26.89,21.55,0.00,32.19,31.51
DTW,MDW,DTW->MDW,171,25.01,21.55,7.60,28.07,30.99
BNA,JFK,BNA->JFK,156,27.56,21.52,5.77,19.23,19.23
RIC,BOS,RIC->BOS,112,23.80,21.51,0.89,20.54,28.57
IAH,IAD,IAH->IAD,121,24.55,21.50,7.44,29.75,28.93
JAX,DCA,JAX->DCA,119,24.20,21.46,4.20,28.57,28.57
SFO,BOI,SFO->BOI,108,26.63,21.45,0.00,25.00,23.15
CLT,SFO,CLT->SFO,117,32.04,21.41,0.85,31.62,30.77
DEN,ASE,DEN->ASE,246,23.95,21.35,8.94,25.20,30.08
MEM,LGA,MEM->LGA,117,22.79,21.35,5.13,23.93,21.37
ASE,DEN,ASE->DEN,247,26.61,21.33,8.91,27.53,30.36
ORD,MSP,ORD->MSP,367,27.48,21.29,6.27,24.25,25.07
DFW,JAX,DFW->JAX,130,23.23,21.27,0.77,32.31,30.77
MIA,PHL,MIA->PHL,263,30.47,21.26,0.00,39.92,34.22
ORD,CMH,ORD->CMH,211,22.58,21.24,3.79,31.75,32.70
DFW,MCO,DFW->MCO,436,21.50,21.21,1.38,30.28,35.09
DEN,FLL,DEN->FLL,154,24.38,21.21,8.44,33.12,32.47
CLE,TPA,CLE->TPA,130,25.84,21.14,2.31,35.38,33.85
JFK,ROC,JFK->ROC,126,29.07,21.07,6.35,34.92,32.54
MCO,IAH,MCO->IAH,332,21.99,21.07,6.02,21.69,24.10
DCA,BDL,DCA->BDL,155,26.54,21.06,7.10,23.87,21.94
FLL,SFO,FLL->SFO,165,26.16,21.04,7.27,24.24,26.06
FLL,MCO,FLL->MCO,123,26.59,21.01,0.00,43.90,37.40
ORD,FSD,ORD->FSD,105,25.35,20.97,10.48,29.52,35.24
IAH,MIA,IAH->MIA,263,19.31,20.91,8.37,20.91,31.18
CLT,DCA,CLT->DCA,263,24.88,20.86,1.90,31.18,31.56
MSY,ORD,MSY->ORD,127,21.18,20.81,3.15,23.62,25.20
PHL,SJU,PHL->SJU,161,14.80,20.77,2.48,24.84,37.89
HSV,DCA,HSV->DCA,125,24.97,20.75,10.40,24.00,26.40
RDU,BOS,RDU->BOS,182,29.23,20.66,1.10,30.77,26.37
BOS,RSW,BOS->RSW,207,18.01,20.66,0.97,30.43,37.68
ORD,FLL,ORD->FLL,297,20.93,20.62,8.75,23.91,31.31
XNA,ORD,XNA->ORD,139,24.68,20.57,8.63,20.14,22.30
LAS,HNL,LAS->HNL,117,15.13,20.56,0.00,23.08,37.61
DEN,HDN,DEN->HDN,168,26.98,20.55,0.60,35.12,27.98
ORD,ATW,ORD->ATW,139,23.62,20.55,10.07,27.34,31.65
ICT,ORD,ICT->ORD,120,21.31,20.51,5.83,17.50,17.50
LGA,DFW,LGA->DFW,452,28.91,20.49,2.43,24.12,28.10
MIA,LAS,MIA->LAS,122,22.75,20.48,0.82,27.87,36.07
PHL,TPA,PHL->TPA,246,22.54,20.41,2.85,25.20,26.42
PHL,MCO,PHL->MCO,528,19.93,20.39,1.52,26.70,32.01
DTW,MIA,DTW->MIA,171,18.90,20.37,2.34,25.73,35.09
IAD,DFW,IAD->DFW,142,15.21,20.36,1.41,19.72,30.99
MCO,LAS,MCO->LAS,104,24.92,20.36,0.00,41.35,42.31
CLE,ORD,CLE->ORD,215,23.00,20.36,9.77,20.00,19.53
DFW,XNA,DFW->XNA,250,20.52,20.35,2.80,24.80,26.00
FLL,PHL,FLL->PHL,243,27.59,20.31,1.65,30.86,29.63
DCA,JAX,DCA->JAX,119,27.14,20.29,5.04,26.05,27.73
FLL,RDU,FLL->RDU,130,23.49,20.28,0.00,40.00,38.46
MIA,SFO,MIA->SFO,154,27.22,20.28,9.09,25.97,31.82
SEA,GEG,SEA->GEG,396,23.34,20.25,5.30,29.55,27.53
DFW,BWI,DFW->BWI,114,26.13,20.19,1.75,38.60,34.21
ORD,CLE,ORD->CLE,215,19.44,20.19,9.77,23.26,30.70
BNA,RDU,BNA->RDU,174,21.54,20.19,6.90,21.26,25.29
ORD,TPA,ORD->TPA,307,19.94,20.19,3.26,25.73,31.92
CLT,MEM,CLT->MEM,148,22.66,20.17,2.03,33.11,34.46
DFW,ABQ,DFW->ABQ,186,22.49,20.16,2.69,33.87,35.48
MIA,MSP,MIA->MSP,158,25.65,20.15,1.27,30.38,31.01
PHX,JFK,PHX->JFK,225,28.80,20.13,0.44,20.44,20.00
BNA,MIA,BNA->MIA,248,16.73,20.11,4.44,22.98,30.24
AUS,SFO,AUS->SFO,153,23.58,20.09,24.18,20.26,20.26
TPA,PHL,TPA->PHL,245,27.41,20.08,3.27,23.67,22.86
SJU,MIA,SJU->MIA,222,21.16,20.06,0.00,28.38,27.93
BWI,BDL,BWI->BDL,130,22.21,20.05,0.77,40.77,35.38
RSW,PHL,RSW->PHL,184,24.29,20.03,2.72,24.46,25.54
DEN,MIA,DEN->MIA,234,22.39,20.03,3.85,28.21,34.62
BWI,MIA,BWI->MIA,248,19.41,20.02,2.82,23.79,30.24
ORD,LGA,ORD->LGA,789,24.98,19.96,6.08,25.60,28.90
GRR,MSP,GRR->MSP,113,28.34,19.95,1.77,23.01,27.43
MIA,DTW,MIA->DTW,171,25.31,19.93,1.17,35.67,32.75
DFW,MIA,DFW->MIA,446,21.99,19.89,0.90,31.17,35.65
MCO,PHL,MCO->PHL,531,25.24,19.87,1.51,29.57,28.81
ORD,MCI,ORD->MCI,237,24.00,19.87,5.49,29.96,32.49
DFW,CMH,DFW->CMH,125,24.59,19.73,2.40,35.20,32.80
MCO,IAD,MCO->IAD,141,24.00,19.72,12.77,17.02,19.86
SFO,LAS,SFO->LAS,423,25.56,19.72,12.06,25.77,22.22
RDU,MIA,RDU->MIA,200,17.68,19.71,0.50,20.50,30.50
FAR,DEN,FAR->DEN,110,25.19,19.68,3.64,25.45,31.82
SJC,DFW,SJC->DFW,110,25.69,19.61,0.91,22.73,22.73
ORD,ATL,ORD->ATL,425,23.05,19.57,2.35,23.76,27.76
BWI,RSW,BWI->RSW,119,17.08,19.56,1.68,27.73,34.45
TUL,ORD,TUL->ORD,107,21.41,19.53,6.54,15.89,20.56
DFW,CLT,DFW->CLT,331,26.69,19.50,0.91,33.23,31.12
CLE,LGA,CLE->LGA,200,24.37,19.46,5.00,13.50,16.00
DFW,ATL,DFW->ATL,472,24.26,19.44,0.85,29.45,30.72
DSM,ORD,DSM->ORD,155,22.40,19.42,10.32,23.87,27.10
SEA,DFW,SEA->DFW,320,23.52,19.36,6.88,23.44,22.50
EUG,SEA,EUG->SEA,112,31.07,19.32,16.07,25.00,20.54
AUS,TPA,AUS->TPA,110,23.26,19.22,0.00,23.64,24.55
CLE,DCA,CLE->DCA,104,20.80,19.17,5.77,20.19,25.00
SLC,ORD,SLC->ORD,241,19.08,19.15,5.81,17.43,21.99
ORF,DCA,ORF->DCA,107,16.50,19.14,6.54,15.89,27.10
MSY,AUS,MSY->AUS,168,16.93,19.13,0.60,30.36,36.31
DCA,DFW,DCA->DFW,275,21.61,19.08,3.27,22.18,24.73
ATL,HPN,ATL->HPN,137,26.91,19.08,0.73,24.09,24.09
SFO,IAD,SFO->IAD,155,24.01,18.93,18.06,26.45,28.39
ABQ,DFW,ABQ->DFW,186,19.70,18.91,3.23,26.88,29.57
DTW,LAS,DTW->LAS,191,32.19,18.90,1.57,28.80,25.65
ATL,MGM,ATL->MGM,106,22.46,18.89,0.94,22.64,21.70
MCI,MCO,MCI->MCO,158,15.54,18.88,2.53,20.89,29.11
DCA,DAY,DCA->DAY,103,20.08,18.87,4.85,19.42,18.45
IAH,LGA,IAH->LGA,227,35.36,18.87,2.20,33.92,25.11
DTW,BOS,DTW->BOS,204,20.68,18.86,1.47,26.47,31.37
ORD,MIA,ORD->MIA,423,14.64,18.85,4.02,21.28,33.81
FSD,MSP,FSD->MSP,118,23.00,18.81,4.24,24.58,23.73
GRR,DTW,GRR->DTW,113,24.65,18.80,1.77,24.78,29.20
IAH,MCO,IAH->MCO,332,25.15,18.78,3.61,26.20,26.81
MCO,DTW,MCO->DTW,357,25.37,18.77,1.96,29.69,29.97
DFW,IND,DFW->IND,126,22.85,18.74,0.00,38.89,34.92
DTW,DFW,DTW->DFW,250,17.32,18.71,3.20,22.40,36.00
MIA,AUS,MIA->AUS,158,18.27,18.71,0.63,29.11,32.28
DEN,ORD,DEN->ORD,481,22.04,18.70,7.07,25.36,24.74
DEN,BOS,DEN->BOS,247,22.12,18.67,6.88,32.79,33.20
PHL,LAX,PHL->LAX,202,21.29,18.49,0.99,18.81,22.28
ORD,DCA,ORD->DCA,511,21.33,18.49,5.68,22.70,27.01
RDU,DFW,RDU->DFW,171,20.88,18.44,1.75,23.98,29.24
BOS,DFW,BOS->DFW,283,23.00,18.43,1.06,21.91,30.39
DAY,CLT,DAY->CLT,116,20.16,18.42,0.00,18.10,21.55
DCA,ORF,DCA->ORF,107,25.34,18.38,4.67,25.23,20.56
IAH,PHX,IAH->PHX,210,17.57,18.27,2.38,19.05,20.48
DFW,RSW,DFW->RSW,112,18.43,18.19,0.89,36.61,41.07
ONT,DFW,ONT->DFW,177,24.17,18.18,1.69,21.47,18.64
PBI,HPN,PBI->HPN,216,28.26,18.16,0.46,25.46,22.22
JFK,BOS,JFK->BOS,481,24.19,18.11,2.29,31.19,29.94
IAD,CLT,IAD->CLT,146,18.56,18.10,2.74,14.38,21.92
DTW,JFK,DTW->JFK,153,20.32,18.07,0.65,24.84,26.14
DTW,RSW,DTW->RSW,213,14.41,18.07,0.94,22.54,38.97
ORD,RDU,ORD->RDU,228,18.38,18.00,2.63,24.56,27.63
DFW,IAH,DFW->IAH,368,19.65,17.99,4.08,27.17,28.53
DFW,DTW,DFW->DTW,249,21.79,17.97,2.81,25.30,25.70
BOI,SLC,BOI->SLC,129,14.36,17.97,0.00,25.58,32.56
DCA,PWM,DCA->PWM,110,21.46,17.96,10.91,20.91,22.73
PHL,PBI,PHL->PBI,178,17.69,17.95,2.25,27.53,29.78
CLT,GSP,CLT->GSP,257,21.49,17.94,2.33,19.84,21.40
PBI,BOS,PBI->BOS,172,28.82,17.88,2.33,35.47,31.40
DFW,FLL,DFW->FLL,249,18.38,17.87,0.80,28.92,36.14
DFW,SFO,DFW->SFO,293,23.74,17.82,1.02,35.15,34.81
MIA,ATL,MIA->ATL,635,19.21,17.80,0.31,32.76,32.76
OMA,ATL,OMA->ATL,167,19.72,17.77,1.20,20.96,24.55
CVG,MIA,CVG->MIA,104,13.72,17.72,0.96,24.04,32.69
SAN,IAH,SAN->IAH,131,27.53,17.70,19.85,9.16,8.40
ORD,OMA,ORD->OMA,153,23.60,17.69,8.50,24.84,25.49
BWI,BUF,BWI->BUF,142,20.61,17.69,10.56,35.21,29.58
MIA,BOS,MIA->BOS,352,28.27,17.64,1.42,35.23,31.82
SDF,CLT,SDF->CLT,148,20.07,17.63,0.68,30.41,32.43
SAV,CLT,SAV->CLT,195,27.23,17.62,1.54,22.05,21.54
ORF,CLT,ORF->CLT,203,21.92,17.59,0.99,22.17,22.66
SHV,DFW,SHV->DFW,154,15.39,17.57,7.79,18.18,27.92
BOS,PIT,BOS->PIT,143,23.45,17.52,2.80,32.87,29.37
DFW,JAN,DFW->JAN,145,14.63,17.51,2.07,23.45,24.83
PHL,FLL,PHL->FLL,244,19.07,17.51,1.23,22.95,27.05
ORD,MCO,ORD->MCO,463,17.58,17.49,5.83,23.33,29.81
DFW,RDU,DFW->RDU,169,20.09,17.45,1.78,32.54,27.81
TUS,DFW,TUS->DFW,184,19.74,17.45,0.54,21.74,26.09
EGE,DEN,EGE->DEN,124,22.56,17.44,0.00,21.77,19.35
DEN,DFW,DEN->DFW,446,20.01,17.41,1.79,23.54,29.15
DFW,EGE,DFW->EGE,124,21.28,17.40,0.81,31.45,32.26
CLT,ORF,CLT->ORF,203,22.67,17.40,0.99,31.03,30.05
ATL,BTR,ATL->BTR,105,19.88,17.34,3.81,22.86,25.71
PHL,ORD,PHL->ORD,298,20.65,17.34,2.68,19.80,25.17
DTW,RDU,DTW->RDU,105,18.75,17.30,0.00,20.95,28.57
DFW,CLE,DFW->CLE,125,22.83,17.29,5.60,39.20,33.60
EYW,ATL,EYW->ATL,127,25.17,17.28,0.00,25.98,19.69
DTW,FLL,DTW->FLL,219,17.51,17.26,1.37,24.20,34.25
ORD,PBI,ORD->PBI,146,16.73,17.26,5.48,23.97,30.82
MCO,DAL,MCO->DAL,239,13.79,17.23,1.26,30.13,35.56
BNA,LAX,BNA->LAX,157,29.50,17.23,5.10,19.11,17.20
MCO,CLE,MCO->CLE,226,17.57,17.22,6.19,21.68,25.22
PVD,MCO,PVD->MCO,122,18.66,17.20,2.46,24.59,23.77
ORD,ASE,ORD->ASE,150,33.27,17.16,5.33,33.33,30.67
DEN,EGE,DEN->EGE,124,25.23,17.15,0.00,20.16,20.97
SAT,DFW,SAT->DFW,369,17.38,17.14,3.52,22.22,26.02
PHX,OMA,PHX->OMA,144,15.75,17.14,4.17,15.97,16.67
DFW,ELP,DFW->ELP,228,20.16,17.09,2.63,27.63,28.95
OMA,PHX,OMA->PHX,136,33.19,17.07,5.88,19.85,16.91
LAS,DTW,LAS->DTW,191,22.62,17.06,1.57,21.99,19.90
PDX,SEA,PDX->SEA,477,20.49,17.00,10.06,21.38,22.85
MSP,MSN,MSP->MSN,111,20.72,16.99,1.80,27.93,25.23
CLT,PNS,CLT->PNS,149,19.25,16.96,0.67,28.86,29.53
ORD,RSW,ORD->RSW,323,15.04,16.93,8.36,22.60,32.51
DFW,SAN,DFW->SAN,287,22.21,16.93,1.05,34.15,32.06
ORD,SYR,ORD->SYR,112,18.84,16.92,2.68,31.25,34.82
BNA,ORD,BNA->ORD,376,22.34,16.90,13.56,20.74,21.28
TYS,DCA,TYS->DCA,106,19.50,16.90,9.43,24.53,27.36
MCO,CLT,MCO->CLT,499,19.91,16.89,1.00,26.05,26.45
BWI,ISP,BWI->ISP,112,19.76,16.89,1.79,38.39,38.39
DFW,PIT,DFW->PIT,120,16.47,16.88,1.67,32.50,29.17
PBI,ISP,PBI->ISP,123,22.40,16.88,1.63,28.46,24.39
MIA,CLT,MIA->CLT,277,21.78,16.87,0.72,28.88,25.99
BOS,RDU,BOS->RDU,182,18.54,16.84,1.65,25.27,29.12
DCA,TYS,DCA->TYS,106,21.22,16.83,8.49,26.42,29.25
ORD,CLT,ORD->CLT,347,16.82,16.83,3.75,24.21,32.28
DFW,SLC,DFW->SLC,336,22.76,16.83,1.79,30.65,30.36
XNA,ATL,XNA->ATL,111,16.88,16.82,1.80,18.92,23.42
DFW,PHX,DFW->PHX,417,20.95,16.82,0.48,34.77,33.33
TYS,ATL,TYS->ATL,202,20.98,16.82,3.47,20.30,23.27
MIA,LAX,MIA->LAX,361,21.06,16.73,0.00,31.58,30.47
MDW,MCO,MDW->MCO,242,17.01,16.71,7.85,19.01,26.86
CLT,SDF,CLT->SDF,148,20.14,16.71,0.68,26.35,27.03
DCA,MCO,DCA->MCO,458,18.18,16.67,3.28,23.14,25.11
SEA,BOI,SEA->BOI,307,21.27,16.66,0.65,26.38,23.78
CLT,SAT,CLT->SAT,116,20.50,16.65,0.00,32.76,32.76
CLT,MIA,CLT->MIA,276,16.53,16.64,0.36,22.46,27.54
SLC,AUS,SLC->AUS,139,20.76,16.62,0.72,23.02,24.46
ORD,DEN,ORD->DEN,483,26.26,16.58,10.56,25.47,23.60
LAS,DFW,LAS->DFW,467,20.09,16.57,1.71,23.13,25.05
CLT,EYW,CLT->EYW,148,16.23,16.57,0.68,24.32,25.68
BOS,TPA,BOS->TPA,191,19.50,16.54,1.05,26.18,29.32
PDX,SFO,PDX->SFO,221,15.83,16.54,9.95,24.43,31.67
RSW,ORD,RSW->ORD,324,22.61,16.52,8.64,24.38,23.77
DFW,MEM,DFW->MEM,176,18.30,16.51,3.98,26.14,25.57
MKE,MCO,MKE->MCO,165,16.73,16.50,4.85,23.03,28.48
SEA,PDX,SEA->PDX,478,18.37,16.49,8.37,28.03,25.31
SJU,BWI,SJU->BWI,138,19.72,16.48,0.00,24.64,24.64
BWI,DTW,BWI->DTW,151,20.24,16.47,1.99,27.15,29.14
PHX,SFO,PHX->SFO,364,16.63,16.47,4.95,31.87,34.89
MKE,MSP,MKE->MSP,115,19.48,16.44,3.48,14.78,22.61
IAH,SAT,IAH->SAT,158,21.01,16.41,12.03,22.78,22.15
DFW,TUS,DFW->TUS,184,19.36,16.40,0.54,33.70,29.35
OMA,LGA,OMA->LGA,119,16.12,16.32,5.88,20.17,21.85
DCA,MIA,DCA->MIA,338,17.23,16.25,2.37,24.26,28.11
SDF,DFW,SDF->DFW,161,12.96,16.24,2.48,22.98,32.30
MSY,DAL,MSY->DAL,197,17.61,16.24,2.03,26.90,27.92
ORD,CVG,ORD->CVG,186,17.56,16.24,2.69,26.34,31.72
TPA,MIA,TPA->MIA,211,18.61,16.23,0.95,21.33,22.75
CMH,ORD,CMH->ORD,210,18.50,16.19,2.86,23.81,28.10
ICT,DFW,ICT->DFW,197,15.24,16.16,2.54,20.81,29.44
DCA,CLT,DCA->CLT,262,20.88,16.09,1.53,22.52,24.43
BNA,LGA,BNA->LGA,330,16.09,16.08,8.48,20.00,22.73
DEN,PIT,DEN->PIT,124,17.03,16.05,0.81,33.06,29.03
DTW,DCA,DTW->DCA,222,16.67,16.03,4.50,26.13,29.73
DCA,CLE,DCA->CLE,104,22.14,16.01,5.77,23.08,25.96
PHL,DFW,PHL->DFW,241,19.27,16.00,2.49,23.24,26.14
CHS,JFK,CHS->JFK,117,29.00,16.00,5.13,23.08,19.66
MIA,ORD,MIA->ORD,424,22.69,16.00,3.30,27.59,27.36
PBI,DCA,PBI->DCA,147,23.80,15.96,2.72,25.85,22.45
ORD,XNA,ORD->XNA,139,17.77,15.93,10.79,19.42,32.37
CLT,BOS,CLT->BOS,357,22.91,15.91,1.40,28.29,27.73
BWI,SJU,BWI->SJU,139,22.66,15.81,1.44,36.69,35.25
DAL,TPA,DAL->TPA,121,18.98,15.78,2.48,28.93,27.27
PHX,ELP,PHX->ELP,205,20.17,15.77,0.98,20.00,18.54
DFW,OKC,DFW->OKC,228,20.00,15.77,3.51,28.51,27.19
ELP,DFW,ELP->DFW,228,17.15,15.74,2.63,24.12,26.75
FAR,ORD,FAR->ORD,123,21.61,15.71,7.32,20.33,21.95
MCO,SJU,MCO->SJU,520,24.30,15.68,0.38,35.96,28.46
MCO,HPN,MCO->HPN,124,19.85,15.65,0.81,24.19,25.00
SAN,DFW,SAN->DFW,287,21.29,15.64,1.05,24.39,24.04
ORD,STL,ORD->STL,172,18.22,15.59,11.05,23.26,26.16
CHS,CLT,CHS->CLT,238,20.12,15.59,1.68,18.07,20.17
BHM,DFW,BHM->DFW,153,17.14,15.59,3.27,22.88,27.45
SLC,SFO,SLC->SFO,290,17.64,15.55,0.34,22.76,28.28
GSP,CLT,GSP->CLT,256,16.95,15.55,1.56,22.27,24.61
AUS,LAS,AUS->LAS,263,21.42,15.52,1.14,34.22,31.94
AUS,MIA,AUS->MIA,159,13.27,15.51,0.63,22.64,32.70
EWR,SJU,EWR->SJU,201,19.53,15.50,1.00,32.34,30.35
HOU,ATL,HOU->ATL,245,19.37,15.41,0.41,22.45,21.22
DCA,CHS,DCA->CHS,137,20.05,15.40,4.38,24.09,21.90
DEN,RDU,DEN->RDU,145,20.58,15.39,4.14,33.79,31.72
MIA,BNA,MIA->BNA,248,16.60,15.36,4.84,27.42,28.23
IAH,AUS,IAH->AUS,157,18.42,15.36,4.46,20.38,23.57
ATL,DFW,ATL->DFW,476,17.43,15.35,0.84,25.42,28.36
DFW,HSV,DFW->HSV,153,19.08,15.32,7.84,27.45,26.80
CRP,DFW,CRP->DFW,204,13.92,15.32,2.45,21.57,23.04
MSY,MIA,MSY->MIA,177,13.64,15.31,0.56,22.60,28.81
BWI,FLL,BWI->FLL,342,14.57,15.30,2.92,26.61,34.21
OMA,DEN,OMA->DEN,268,20.45,15.28,10.07,18.28,20.52
CVG,DFW,CVG->DFW,141,16.16,15.28,1.42,19.86,29.08
RSW,CLE,RSW->CLE,134,19.79,15.26,5.97,23.13,23.88
PHL,JAX,PHL->JAX,111,14.04,15.25,2.70,21.62,30.63
DFW,JFK,DFW->JFK,154,23.27,15.19,0.65,26.62,25.32
DFW,DEN,DFW->DEN,446,19.00,15.19,1.79,29.60,28.48
IAH,SLC,IAH->SLC,186,22.45,15.15,3.23,22.58,25.81
IAH,DEN,IAH->DEN,410,20.79,15.14,6.83,24.88,23.90
LGA,FLL,LGA->FLL,461,17.13,15.13,1.08,23.86,27.33
MCO,DEN,MCO->DEN,400,18.02,15.07,3.00,24.75,29.75
CLT,ORD,CLT->ORD,346,21.15,15.01,2.02,26.59,26.30
CLT,FLL,CLT->FLL,321,19.38,14.99,0.00,27.73,27.41
DTW,BWI,DTW->BWI,151,17.16,14.97,3.31,24.50,32.45
RSW,DFW,RSW->DFW,112,12.40,14.95,0.89,28.57,31.25
CVG,MCO,CVG->MCO,159,17.60,14.94,1.89,18.24,22.01
MSP,ORD,MSP->ORD,368,16.92,14.90,5.98,22.55,26.36
ORD,IAH,ORD->IAH,360,22.05,14.89,6.11,25.56,26.39
DFW,TUL,DFW->TUL,222,17.30,14.87,3.15,27.48,27.03
CLT,MCO,CLT->MCO,498,16.77,14.87,1.00,27.11,28.51
PHX,DFW,PHX->DFW,417,18.34,14.85,0.48,21.10,23.74
DFW,DCA,DFW->DCA,273,21.72,14.83,3.30,30.40,27.47
JAX,CLT,JAX->CLT,202,18.65,14.82,0.50,24.26,22.28
DCA,MSY,DCA->MSY,144,19.47,14.81,2.08,28.47,29.17
ORD,IND,ORD->IND,282,17.42,14.79,8.51,22.34,27.66
DFW,LIT,DFW->LIT,218,16.05,14.78,4.59,24.31,27.98
SFO,HNL,SFO->HNL,198,11.98,14.75,8.08,16.16,33.84
JFK,FLL,JFK->FLL,308,17.36,14.72,1.30,26.95,29.87
GRK,DFW,GRK->DFW,129,16.50,14.71,6.98,24.03,25.58
CLE,CLT,CLE->CLT,148,20.02,14.70,4.73,16.22,18.92
DFW,ORD,DFW->ORD,464,20.76,14.66,3.45,23.71,22.84
BUF,MCO,BUF->MCO,144,14.22,14.65,12.50,18.75,28.47
PDX,PHX,PDX->PHX,275,19.11,14.62,6.91,20.00,18.91
ORD,SGF,ORD->SGF,116,16.03,14.61,6.90,24.14,30.17
EWR,MIA,EWR->MIA,430,16.27,14.58,10.70,22.79,28.14
RDU,FLL,RDU->FLL,130,13.48,14.58,0.00,25.38,33.85
LGA,MCO,LGA->MCO,471,18.26,14.55,2.34,19.96,23.99
BWI,PVD,BWI->PVD,142,19.98,14.52,4.93,30.28,28.17
PHX,OKC,PHX->OKC,144,17.21,14.49,1.39,18.75,15.97
STL,HOU,STL->HOU,127,15.98,14.46,2.36,28.35,29.92
BWI,TPA,BWI->TPA,270,14.30,14.41,2.96,24.07,28.15
DCA,PBI,DCA->PBI,147,17.21,14.40,3.40,21.77,25.85
CLT,SAV,CLT->SAV,196,21.51,14.39,2.55,25.00,25.51
FLL,BWI,FLL->BWI,342,20.82,14.38,2.63,36.55,31.87
SEA,KOA,SEA->KOA,109,14.82,14.34,22.94,17.43,24.77
SEA,ORD,SEA->ORD,272,16.58,14.32,6.99,23.53,24.26
SDF,LGA,SDF->LGA,125,18.34,14.30,4.00,16.00,23.20
JFK,DTW,JFK->DTW,152,17.76,14.29,0.00,21.71,22.37
CLT,AUS,CLT->AUS,147,15.29,14.28,0.00,25.85,32.65
FLL,MSY,FLL->MSY,134,14.31,14.25,0.75,35.07,35.07
BNA,DTW,BNA->DTW,165,15.24,14.25,6.06,21.82,27.27
DFW,SGF,DFW->SGF,235,13.02,14.22,5.53,21.28,24.68
SNA,DFW,SNA->DFW,229,21.40,14.19,1.31,22.71,20.52
DEN,TUL,DEN->TUL,152,19.76,14.19,2.63,36.18,26.32
BHM,CLT,BHM->CLT,182,17.28,14.16,4.40,17.03,19.78
CLT,BWI,CLT->BWI,210,17.17,14.16,1.90,28.57,26.19
BOI,SEA,BOI->SEA,304,14.75,14.15,0.66,21.05,29.61
DCA,RSW,DCA->RSW,119,14.59,14.15,1.68,17.65,25.21
LGA,MIA,LGA->MIA,523,17.65,14.14,2.10,23.90,29.45
ORD,ROC,ORD->ROC,127,17.41,14.09,7.87,21.26,23.62
DEN,IAH,DEN->IAH,418,21.06,14.07,5.98,27.27,25.12
BWI,MHT,BWI->MHT,121,19.88,14.04,2.48,35.54,31.40
RSW,BOS,RSW->BOS,206,23.88,14.03,0.97,33.50,32.04
MSY,HOU,MSY->HOU,196,18.70,14.03,2.04,28.57,28.57
BOS,LGA,BOS->LGA,608,19.38,14.03,5.59,22.86,24.34
BOS,MIA,BOS->MIA,353,14.82,14.02,1.13,19.26,27.48
MSY,MCO,MSY->MCO,229,20.00,14.00,0.44,26.20,26.64
DEN,HOU,DEN->HOU,232,20.47,13.99,2.59,34.91,31.03
HOU,DFW,HOU->DFW,172,14.57,13.97,6.40,19.19,23.26
SAN,HNL,SAN->HNL,124,10.70,13.95,8.87,21.77,30.65
MDW,MSP,MDW->MSP,219,22.37,13.93,7.76,23.29,20.55
MCI,PHX,MCI->PHX,222,20.25,13.93,3.60,20.27,22.07
BOS,PHL,BOS->PHL,337,16.04,13.89,2.08,19.58,22.85
RSW,DCA,RSW->DCA,119,18.38,13.88,1.68,20.17,25.21
LAX,DFW,LAX->DFW,553,17.62,13.87,0.90,18.99,19.17
JFK,DFW,JFK->DFW,154,24.63,13.85,0.65,27.27,27.92
DFW,FAT,DFW->FAT,112,17.00,13.84,0.89,30.36,29.46
FLL,BOS,FLL->BOS,281,25.35,13.84,1.42,37.72,28.47
MDW,FLL,MDW->FLL,101,9.91,13.82,2.97,17.82,33.66
XNA,CLT,XNA->CLT,124,10.55,13.80,2.42,20.16,24.19
PWM,DCA,PWM->DCA,110,16.22,13.79,9.09,22.73,27.27
MCO,JFK,MCO->JFK,367,21.50,13.78,1.09,28.07,22.07
MCI,ATL,MCI->ATL,248,14.20,13.77,2.42,17.34,20.97
ORD,JAX,ORD->JAX,123,18.70,13.75,1.63,22.76,24.39
MCO,ORD,MCO->ORD,462,16.68,13.74,6.28,23.16,26.84
ATL,IAH,ATL->IAH,333,17.53,13.74,1.80,20.12,22.82
MDW,TPA,MDW->TPA,133,12.68,13.73,7.52,22.56,29.32
AUS,ELP,AUS->ELP,118,15.90,13.70,1.69,30.51,29.66
LRD,DFW,LRD->DFW,120,16.19,13.68,1.67,20.83,18.33
SFO,BOS,SFO->BOS,286,18.19,13.66,3.85,25.87,27.27
HDN,DEN,HDN->DEN,168,18.26,13.66,0.60,27.98,32.14
ATL,MIA,ATL->MIA,634,12.30,13.66,0.16,22.08,30.91
MDW,BWI,MDW->BWI,138,16.50,13.66,10.14,24.64,28.26
CLT,STL,CLT->STL,147,17.28,13.65,2.04,31.29,26.53
PHX,PDX,PHX->PDX,267,13.08,13.63,9.36,20.60,25.47
DFW,MSP,DFW->MSP,228,18.86,13.63,0.44,27.63,24.56
DEN,MDW,DEN->MDW,245,17.84,13.62,7.76,34.29,31.84
PHX,DTW,PHX->DTW,169,20.57,13.62,2.37,20.71,19.53
MEM,ORD,MEM->ORD,124,15.79,13.61,7.26,19.35,23.39
MDW,DEN,MDW->DEN,255,26.00,13.59,9.02,27.45,20.00
MIA,DEN,MIA->DEN,235,18.31,13.58,1.70,26.38,26.38
BWI,SRQ,BWI->SRQ,132,15.16,13.53,3.03,31.06,32.58
DEN,EWR,DEN->EWR,218,25.32,13.53,24.31,20.18,16.51
TPA,AUS,TPA->AUS,102,12.33,13.52,0.00,21.57,33.33
DCA,PHL,DCA->PHL,113,17.87,13.49,3.54,18.58,17.70
SEA,ANC,SEA->ANC,517,25.11,13.49,7.35,34.62,31.14
DEN,OKC,DEN->OKC,204,21.29,13.49,2.45,26.96,21.57
MIA,JAX,MIA->JAX,162,14.93,13.47,1.85,23.46,24.69
SJU,ORD,SJU->ORD,101,15.18,13.43,2.97,27.72,25.74
MCO,FLL,MCO->FLL,123,17.94,13.39,0.81,32.52,27.64
OKC,PHX,OKC->PHX,144,18.05,13.37,1.39,11.81,14.58
PHL,BOS,PHL->BOS,337,13.10,13.37,2.08,21.07,25.22
ATL,MDW,ATL->MDW,267,21.11,13.35,5.62,24.34,20.60
BWI,PBI,BWI->PBI,123,16.85,13.28,0.00,30.08,30.08
PHX,AUS,PHX->AUS,300,16.78,13.27,1.00,18.33,19.33
FLL,DEN,FLL->DEN,154,18.27,13.26,12.99,25.32,25.32
SEA,SFO,SEA->SFO,487,19.14,13.26,6.57,23.41,25.67
SNA,SFO,SNA->SFO,325,11.13,13.25,0.00,18.46,28.00
SJC,HNL,SJC->HNL,120,3.80,13.24,5.00,14.17,39.17
LAX,HNL,LAX->HNL,428,11.04,13.21,2.57,15.42,30.84
DEN,DSM,DEN->DSM,188,14.53,13.21,7.98,22.87,26.06
BNA,DEN,BNA->DEN,309,22.41,13.20,6.15,20.06,21.36
ORD,DSM,ORD->DSM,155,19.06,13.19,8.39,24.52,27.74
DFW,SEA,DFW->SEA,319,18.95,13.16,6.58,28.53,29.47
DEN,GJT,DEN->GJT,125,20.05,13.15,1.60,21.60,21.60
LAX,SAT,LAX->SAT,168,14.33,13.14,0.60,17.86,23.81
CLE,BOS,CLE->BOS,113,13.29,13.13,6.19,20.35,25.66
FAT,DFW,FAT->DFW,112,14.60,13.05,1.79,26.79,21.43
ORD,LAX,ORD->LAX,508,23.66,13.04,6.89,27.17,26.77
SEA,IAD,SEA->IAD,104,16.74,13.04,23.08,18.27,18.27
PBI,JFK,PBI->JFK,168,17.73,13.02,1.19,32.14,31.55
DEN,CMH,DEN->CMH,150,15.44,13.01,2.00,28.67,33.33
RDU,LGA,RDU->LGA,302,20.00,13.01,3.64,17.55,18.21
SLC,EWR,SLC->EWR,124,18.73,13.00,0.00,16.13,20.97
BWI,ORF,BWI->ORF,128,18.11,12.98,0.78,37.50,30.47
FSD,DEN,FSD->DEN,134,9.70,12.98,2.99,15.67,28.36
ORD,PHX,ORD->PHX,505,21.84,12.97,5.35,21.98,23.56
FLL,JFK,FLL->JFK,311,27.04,12.97,1.29,33.44,26.05
PIT,MCO,PIT->MCO,221,10.89,12.95,1.36,20.81,30.77
CLT,RDU,CLT->RDU,300,16.21,12.95,0.33,26.67,26.33
ORD,EWR,ORD->EWR,429,21.55,12.94,10.72,25.87,24.71
IAH,LAS,IAH->LAS,330,18.31,12.94,5.45,20.30,20.61
RDU,DCA,RDU->DCA,227,11.05,12.93,5.73,16.74,26.87
ATL,ORD,ATL->ORD,425,17.16,12.90,2.35,18.82,21.18
MSN,MSP,MSN->MSP,111,23.64,12.90,2.70,24.32,20.72
EWR,ORD,EWR->ORD,430,22.35,12.85,10.00,25.81,24.88
SEA,BOS,SEA->BOS,157,17.41,12.83,6.37,22.93,26.75
DFW,CVG,DFW->CVG,141,14.78,12.80,1.42,26.24,26.24
JFK,MCO,JFK->MCO,369,16.70,12.79,1.36,28.18,30.62
MCO,STL,MCO->STL,213,14.51,12.76,2.35,27.70,29.58
IAH,LAX,IAH->LAX,403,21.21,12.74,10.92,22.58,19.35
RDU,MCO,RDU->MCO,230,12.31,12.73,0.43,19.13,25.22
LGA,IAH,LGA->IAH,226,21.94,12.72,2.21,22.12,24.78
JFK,SJU,JFK->SJU,265,18.62,12.72,0.00,26.79,28.68
IAD,MCO,IAD->MCO,141,8.95,12.72,14.89,15.60,22.70
AUS,MSY,AUS->MSY,167,14.33,12.71,0.60,22.16,26.95
CLT,LAS,CLT->LAS,205,22.07,12.70,0.49,31.22,30.73
MCI,LGA,MCI->LGA,174,15.47,12.69,9.20,21.26,24.71
DTW,ATL,DTW->ATL,407,18.50,12.69,0.98,22.85,23.83
LEX,CLT,LEX->CLT,147,16.04,12.69,2.04,23.13,29.25
DEN,IND,DEN->IND,201,14.88,12.67,2.99,25.87,26.37
DFW,SJC,DFW->SJC,110,20.65,12.62,0.91,34.55,27.27
CLT,TYS,CLT->TYS,203,13.98,12.62,6.40,22.66,25.12
RDU,ORD,RDU->ORD,227,15.29,12.59,4.41,16.74,20.70
OGG,SEA,OGG->SEA,137,34.78,12.58,20.44,29.93,20.44
DEN,MKE,DEN->MKE,217,17.07,12.58,5.99,24.88,22.12
BWI,ALB,BWI->ALB,145,19.69,12.57,1.38,39.31,34.48
GEG,SEA,GEG->SEA,395,18.02,12.56,5.32,21.52,24.30
HOU,OKC,HOU->OKC,115,15.84,12.54,1.74,24.35,20.87
PDX,SLC,PDX->SLC,171,17.52,12.50,2.34,21.05,19.88
ASE,DFW,ASE->DFW,131,17.90,12.47,13.74,27.48,28.24
IAD,DEN,IAD->DEN,221,21.77,12.45,11.31,25.79,20.36
MCO,ATL,MCO->ATL,792,18.21,12.45,0.13,25.51,23.74
CLT,PBI,CLT->PBI,204,14.19,12.43,0.00,23.04,25.98
CLT,CLE,CLT->CLE,148,17.31,12.43,4.73,27.70,25.00
CLT,DTW,CLT->DTW,208,18.90,12.40,2.40,22.60,17.79
CLT,IND,CLT->IND,148,17.11,12.36,0.00,27.03,22.97
PHL,RDU,PHL->RDU,166,13.08,12.35,4.22,28.31,28.31
DCA,FLL,DCA->FLL,247,15.11,12.35,2.43,20.24,24.29
ATL,CVG,ATL->CVG,206,14.57,12.35,0.97,21.36,22.33
JFK,AUS,JFK->AUS,200,11.93,12.34,1.00,19.50,31.50
MAF,DFW,MAF->DFW,217,13.30,12.32,3.69,20.74,23.96
DEN,MEM,DEN->MEM,104,16.07,12.32,1.92,28.85,26.92
MIA,SJU,MIA->SJU,221,18.54,12.30,0.00,29.86,28.51
RIC,LGA,RIC->LGA,154,9.77,12.29,4.55,16.23,27.92
SRQ,CLT,SRQ->CLT,173,18.88,12.29,0.58,22.54,20.81
DFW,LFT,DFW->LFT,111,16.87,12.25,9.91,21.62,19.82
SAV,JFK,SAV->JFK,118,20.52,12.25,2.54,23.73,17.80
MIA,DCA,MIA->DCA,338,17.85,12.22,2.07,31.07,29.29
DCA,DTW,DCA->DTW,222,16.89,12.21,4.50,23.87,22.52
PHX,SAT,PHX->SAT,228,16.16,12.20,0.44,28.07,27.63
BNA,MCO,BNA->MCO,254,15.36,12.20,2.36,22.83,24.80
AUS,BOS,AUS->BOS,112,21.74,12.19,0.89,23.21,24.11
TPA,DAL,TPA->DAL,124,11.71,12.19,4.03,25.81,25.00
CLT,ILM,CLT->ILM,208,17.66,12.17,1.44,28.37,26.92
DCA,HSV,DCA->HSV,125,14.59,12.14,13.60,18.40,22.40
MSY,DCA,MSY->DCA,144,21.78,12.11,7.64,30.56,25.69
IAH,CLT,IAH->CLT,190,18.20,12.09,1.58,20.00,19.47
CLT,MSY,CLT->MSY,142,14.60,12.09,0.70,26.06,28.87
AUS,IAH,AUS->IAH,159,13.05,12.08,4.40,15.72,20.75
MIA,LGA,MIA->LGA,524,21.21,12.08,2.10,33.02,28.63
DSM,DEN,DSM->DEN,188,17.56,12.07,8.51,18.62,20.74
CLT,BDL,CLT->BDL,120,17.00,12.06,0.00,30.83,27.50
PHL,RSW,PHL->RSW,184,12.03,12.01,3.26,22.83,25.00
DEN,CVG,DEN->CVG,158,13.18,12.01,1.27,26.58,24.05
PDX,SAN,PDX->SAN,135,14.96,12.00,20.00,15.56,16.30
GSO,CLT,GSO->CLT,197,18.51,11.99,1.52,15.23,18.78
CLT,LEX,CLT->LEX,146,14.91,11.94,2.74,22.60,24.66
DEN,BWI,DEN->BWI,237,16.30,11.94,4.64,29.54,29.11
SLC,IAH,SLC->IAH,185,15.33,11.93,2.70,16.22,21.62
IAH,MSY,IAH->MSY,208,16.91,11.91,11.06,25.00,21.63
PHX,ABQ,PHX->ABQ,226,17.89,11.89,1.33,23.89,19.91
PHX,MCI,PHX->MCI,222,14.11,11.89,4.50,20.72,20.72
PHX,MCO,PHX->MCO,128,15.59,11.87,0.00,28.13,29.69
LAX,ASE,LAX->ASE,163,15.22,11.86,3.68,18.40,30.67
IAH,PHL,IAH->PHL,134,17.93,11.83,4.48,16.42,17.91
HOU,HRL,HOU->HRL,115,17.77,11.80,0.87,24.35,20.87
BUR,PHX,BUR->PHX,252,18.53,11.78,0.00,21.43,18.65
MDW,LGA,MDW->LGA,219,16.38,11.77,14.16,23.29,23.29
DEN,CLE,DEN->CLE,134,16.08,11.76,1.49,31.34,32.09
HOU,SAT,HOU->SAT,151,13.62,11.76,1.32,27.81,24.50
STL,BOS,STL->BOS,112,14.25,11.75,6.25,27.68,29.46
BWI,BOS,BWI->BOS,288,15.77,11.74,5.56,29.17,25.00
CLT,BNA,CLT->BNA,314,13.77,11.74,6.05,23.25,26.11
LAS,MIA,LAS->MIA,122,16.30,11.73,0.82,18.85,28.69
CLT,IAH,CLT->IAH,191,13.53,11.72,1.57,21.47,24.61
LAS,SFO,LAS->SFO,428,14.09,11.69,10.98,24.30,25.93
LAX,ATL,LAX->ATL,397,16.99,11.69,0.00,18.64,22.42
AUS,ORD,AUS->ORD,227,17.53,11.67,3.96,18.94,21.15
MKE,ATL,MKE->ATL,189,14.60,11.66,3.17,20.11,28.04
DEN,BZN,DEN->BZN,180,18.47,11.64,3.89,26.11,23.33
SAN,SFO,SAN->SFO,459,11.41,11.63,6.32,20.70,27.02
DFW,SHV,DFW->SHV,154,13.95,11.62,7.14,19.48,20.13
DEN,FAT,DEN->FAT,116,15.83,11.61,0.86,30.17,28.45
SEA,EWR,SEA->EWR,129,22.99,11.59,13.95,23.26,18.60
MOB,ATL,MOB->ATL,112,18.58,11.59,0.89,16.96,19.64
CLT,DAY,CLT->DAY,116,15.22,11.57,2.59,18.10,21.55
AUS,CLT,AUS->CLT,147,17.44,11.55,0.68,21.77,21.77
JFK,PBI,JFK->PBI,167,15.67,11.53,0.60,25.75,29.94
LAX,SFO,LAX->SFO,858,10.78,11.52,5.01,20.05,29.95
PDX,SJC,PDX->SJC,194,14.36,11.52,3.61,24.23,23.71
MCO,RDU,MCO->RDU,234,15.88,11.51,0.43,26.50,23.08
HNL,SAN,HNL->SAN,124,30.81,11.50,10.48,32.26,20.97
SLC,BOI,SLC->BOI,129,15.57,11.46,0.00,21.71,27.91
MDW,PHL,MDW->PHL,122,11.97,11.45,6.56,25.41,28.69
ATL,TYS,ATL->TYS,203,15.05,11.45,3.45,18.23,19.21
MCO,CMH,MCO->CMH,178,16.06,11.40,0.00,28.09,26.97
BWI,ORD,BWI->ORD,220,18.00,11.39,7.73,22.27,24.55
FLL,LGA,FLL->LGA,461,22.80,11.38,1.52,36.44,27.55
HOU,PHX,HOU->PHX,164,14.50,11.36,0.61,26.22,26.83
SJU,CLT,SJU->CLT,111,18.23,11.35,0.00,21.62,20.72
BOI,DEN,BOI->DEN,217,12.35,11.33,5.99,15.21,21.66
SDF,ATL,SDF->ATL,212,16.87,11.32,0.47,13.68,16.51
IAH,BNA,IAH->BNA,193,18.18,11.32,6.22,22.80,22.80
DEN,LGA,DEN->LGA,379,18.18,11.32,1.58,31.66,26.12
DEN,RAP,DEN->RAP,119,21.32,11.31,2.52,15.97,16.81
DCA,IAH,DCA->IAH,183,14.43,11.31,3.83,9.29,18.03
SEA,BUR,SEA->BUR,117,17.66,11.31,12.82,31.62,29.91
HOU,AUS,HOU->AUS,143,13.84,11.31,2.10,23.08,23.78
BOS,JFK,BOS->JFK,480,16.07,11.30,1.46,25.63,27.71
TPA,DTW,TPA->DTW,203,19.77,11.30,1.97,29.06,24.14
FLL,SJU,FLL->SJU,174,19.32,11.28,0.00,37.36,28.16
DAL,ATL,DAL->ATL,239,17.09,11.27,1.26,25.52,25.52
CLT,SAN,CLT->SAN,115,18.26,11.26,0.00,29.57,29.57
FLL,CLT,FLL->CLT,321,16.03,11.25,0.00,28.04,26.48
IND,RSW,IND->RSW,103,12.67,11.25,0.97,26.21,33.01
LAX,MIA,LAX->MIA,360,12.87,11.25,0.00,17.78,26.94
LGA,TPA,LGA->TPA,232,16.35,11.24,0.86,27.16,27.16
DEN,STL,DEN->STL,309,14.48,11.22,2.59,30.42,30.74
DTW,IAH,DTW->IAH,160,16.23,11.13,3.75,18.75,25.00
FLL,ATL,FLL->ATL,731,16.67,11.13,0.14,29.14,26.95
MIA,JFK,MIA->JFK,471,21.29,11.11,1.27,28.45,24.63
IND,ORD,IND->ORD,282,15.00,11.11,8.16,20.57,23.05
MSY,FLL,MSY->FLL,134,14.46,11.07,0.75,26.12,30.60
FLL,CLE,FLL->CLE,119,17.15,11.06,0.84,32.77,30.25
EWR,JAX,EWR->JAX,123,12.76,11.05,2.44,13.82,17.89
CLT,RIC,CLT->RIC,185,14.05,11.01,0.00,25.41,26.49
DFW,LAX,DFW->LAX,551,18.47,11.01,0.73,31.76,28.49
BWI,RDU,BWI->RDU,151,17.51,11.00,3.97,35.10,28.48
BWI,MCO,BWI->MCO,496,13.67,11.00,2.42,23.99,27.62
DFW,ONT,DFW->ONT,176,18.78,10.99,1.70,27.27,23.30
PHX,RNO,PHX->RNO,172,12.54,10.99,0.58,22.67,22.67
MCO,MDW,MCO->MDW,252,17.03,10.98,7.14,26.98,22.62
AUS,SEA,AUS->SEA,124,17.66,10.98,16.94,24.19,24.19
BNA,PHL,BNA->PHL,210,14.50,10.97,6.67,19.05,18.57
CLT,XNA,CLT->XNA,123,9.76,10.97,2.44,21.95,33.33
TPA,IAH,TPA->IAH,148,11.22,10.96,6.76,17.57,20.27
LIH,HNL,LIH->HNL,730,5.46,10.96,0.82,17.67,27.40
DFW,LGA,DFW->LGA,454,23.50,10.95,2.20,29.52,24.01
DEN,JAC,DEN->JAC,116,16.16,10.94,0.86,22.41,25.00
JAX,JFK,JAX->JFK,130,23.11,10.93,1.54,28.46,21.54
SLC,DTW,SLC->DTW,119,13.03,10.91,0.84,20.17,19.33
DEN,PSP,DEN->PSP,146,16.03,10.88,0.00,27.40,28.08
DFW,LRD,DFW->LRD,120,14.02,10.87,1.67,17.50,21.67
SBA,DEN,SBA->DEN,112,15.57,10.85,0.89,19.64,19.64
PBI,CLT,PBI->CLT,205,13.50,10.83,0.00,23.41,21.95
PSP,SFO,PSP->SFO,218,11.52,10.81,0.92,24.77,27.06
STL,CLT,STL->CLT,147,13.26,10.79,2.04,19.73,19.05
MCO,MKE,MCO->MKE,157,15.58,10.78,3.18,30.57,28.03
LAS,PHX,LAS->PHX,571,14.53,10.78,0.70,20.32,18.74
ORD,PIT,ORD->PIT,215,14.49,10.75,5.12,20.47,23.72
ORD,MEM,ORD->MEM,124,19.71,10.74,4.84,24.19,22.58
CLT,JAX,CLT->JAX,202,13.95,10.72,0.50,26.73,27.72
MCO,BNA,MCO->BNA,254,15.18,10.71,3.15,27.17,26.77
FLL,DCA,FLL->DCA,247,20.25,10.71,2.02,27.94,23.89
CLT,LGA,CLT->LGA,457,16.17,10.67,3.50,25.60,25.82
BNA,DCA,BNA->DCA,333,12.75,10.67,9.61,18.32,21.92
SFO,EWR,SFO->EWR,288,17.22,10.66,4.86,22.22,21.18
TRI,ATL,TRI->ATL,114,15.70,10.64,2.63,18.42,22.81
DFW,ABI,DFW->ABI,151,11.08,10.64,0.66,21.19,22.52
LGA,ORD,LGA->ORD,789,19.11,10.55,6.21,20.03,21.67
DEN,PHL,DEN->PHL,200,15.66,10.55,2.50,30.50,26.00
EWR,CLT,EWR->CLT,289,20.10,10.54,2.08,24.22,21.11
ATL,TPA,ATL->TPA,560,12.54,10.54,0.36,21.79,22.86
AUS,DEN,AUS->DEN,344,15.06,10.51,3.78,18.02,17.73
BOS,DCA,BOS->DCA,731,11.74,10.51,5.20,17.51,19.97
IAD,ORD,IAD->ORD,124,14.55,10.49,3.23,25.00,25.00
IAH,ATL,IAH->ATL,334,15.48,10.44,1.20,23.35,22.16
IND,MCO,IND->MCO,190,13.43,10.44,1.05,22.63,24.74
JFK,RDU,JFK->RDU,295,16.44,10.42,2.03,24.75,26.10
FLL,DTW,FLL->DTW,220,18.20,10.38,1.82,25.45,23.18
MSP,LGA,MSP->LGA,197,19.53,10.37,1.02,16.24,18.27
MDW,HOU,MDW->HOU,128,17.82,10.37,4.69,27.34,27.34
KOA,HNL,KOA->HNL,698,6.23,10.36,1.72,18.05,23.93
EWR,DTW,EWR->DTW,244,17.61,10.36,2.87,19.26,20.08
DEN,BNA,DEN->BNA,306,13.70,10.35,6.21,26.14,25.16
DCA,LGA,DCA->LGA,351,17.67,10.34,6.27,19.37,20.23
DTW,EWR,DTW->EWR,244,18.54,10.32,2.46,20.08,21.72
LGA,PBI,LGA->PBI,298,12.97,10.29,1.68,19.80,26.17
SLC,JFK,SLC->JFK,193,15.09,10.28,0.00,25.91,27.46
AUS,FLL,AUS->FLL,126,15.88,10.28,0.00,31.75,28.57
RDU,CLT,RDU->CLT,300,16.40,10.27,0.33,22.33,22.67
LAX,PHX,LAX->PHX,517,13.73,10.26,2.71,19.15,20.31
LAS,OMA,LAS->OMA,113,12.52,10.25,8.85,21.24,23.01
SFO,RNO,SFO->RNO,115,14.35,10.25,0.87,24.35,22.61
ATL,MOB,ATL->MOB,112,16.16,10.25,0.89,24.11,19.64
JFK,MIA,JFK->MIA,471,8.50,10.25,1.27,16.35,26.96
AUS,LAX,AUS->LAX,298,16.01,10.24,2.01,22.82,23.49
LGA,BOS,LGA->BOS,604,15.86,10.22,5.46,19.21,20.86
ATL,FLL,ATL->FLL,732,12.61,10.21,0.00,21.31,22.95
PIT,CLT,PIT->CLT,146,16.82,10.21,0.68,21.92,23.29
AUS,JFK,AUS->JFK,203,16.74,10.13,0.99,22.66,24.14
BNA,FLL,BNA->FLL,198,10.32,10.12,5.56,21.72,23.23
ABI,DFW,ABI->DFW,151,8.07,10.11,1.32,16.56,21.85
PHX,STL,PHX->STL,199,14.26,10.11,3.52,28.14,24.12
MSP,DCA,MSP->DCA,173,15.46,10.10,3.47,20.23,19.08
HOU,MSY,HOU->MSY,197,13.31,10.08,0.00,25.38,24.87
ATL,MSY,ATL->MSY,381,11.19,10.08,0.00,24.41,25.20
LGA,MSY,LGA->MSY,144,17.99,10.06,0.00,26.39,29.86
DFW,CRP,DFW->CRP,204,11.05,10.06,1.96,19.12,23.53
BWI,MDW,BWI->MDW,130,18.49,10.04,10.00,30.77,23.08
CLT,DFW,CLT->DFW,330,13.24,10.01,0.91,25.15,27.88
DCA,BTV,DCA->BTV,107,14.99,9.99,6.54,21.50,19.63
IND,CLT,IND->CLT,148,9.34,9.94,0.00,16.89,22.30
CLT,CHS,CLT->CHS,238,17.76,9.93,1.26,23.95,22.69
TUS,LAX,TUS->LAX,196,14.51,9.92,0.00,22.45,21.43
CLT,TPA,CLT->TPA,315,10.96,9.91,0.00,20.95,23.49
FLL,MDW,FLL->MDW,104,15.46,9.89,5.77,28.85,23.08
CLT,EWR,CLT->EWR,289,18.23,9.85,5.19,22.84,22.84
PHX,LAS,PHX->LAS,580,12.53,9.83,0.86,20.00,20.00
PHX,BUR,PHX->BUR,255,13.61,9.83,0.39,19.61,18.82
SEA,PHX,SEA->PHX,543,18.25,9.81,7.92,24.31,21.36
SAT,LAS,SAT->LAS,187,16.78,9.80,2.14,20.86,19.25
BWI,DAL,BWI->DAL,132,19.10,9.79,4.55,34.85,27.27
SEA,OGG,SEA->OGG,137,12.61,9.79,16.79,16.79,21.90
CHO,LGA,CHO->LGA,119,12.30,9.79,8.40,16.81,21.85
DEN,SMF,DEN->SMF,289,17.32,9.78,3.81,30.45,28.03
DAL,MCI,DAL->MCI,160,14.25,9.77,7.50,26.25,21.88
TPA,MSY,TPA->MSY,102,9.26,9.73,0.00,19.61,19.61
ANC,SEA,ANC->SEA,515,16.01,9.72,7.96,21.36,20.97
BOS,RIC,BOS->RIC,112,13.96,9.71,0.89,24.11,23.21
SLC,PDX,SLC->PDX,171,8.54,9.70,2.34,14.04,24.56
SLC,SMF,SLC->SMF,151,15.25,9.70,0.00,24.50,24.50
BNA,IAH,BNA->IAH,192,13.11,9.66,7.29,19.79,24.48
ORD,LAS,ORD->LAS,399,20.34,9.65,7.02,26.07,26.57
DAL,MCO,DAL->MCO,242,12.03,9.63,0.83,23.14,26.45
SLC,PHX,SLC->PHX,502,15.09,9.63,0.40,17.93,20.92
EWR,FLL,EWR->FLL,529,14.47,9.61,11.15,19.47,20.98
CLT,ATL,CLT->ATL,375,17.23,9.61,0.00,19.73,20.53
DFW,PHL,DFW->PHL,237,15.32,9.61,2.53,27.00,27.00
BWI,CLT,BWI->CLT,211,15.56,9.61,1.42,25.12,25.12
HPN,PBI,HPN->PBI,215,4.43,9.60,0.93,13.95,26.51
BWI,ATL,BWI->ATL,426,12.15,9.57,1.88,20.42,24.18
EWR,MCO,EWR->MCO,619,13.73,9.55,7.43,20.19,22.94
MCO,PIT,MCO->PIT,229,18.07,9.53,0.87,27.95,24.02
IAH,BOS,IAH->BOS,130,21.76,9.50,5.38,27.69,22.31
DEN,MCO,DEN->MCO,408,15.73,9.49,5.88,25.25,25.49
MSP,BIS,MSP->BIS,119,20.02,9.47,0.00,17.65,21.85
JFK,CHS,JFK->CHS,117,14.16,9.46,4.27,17.95,21.37
BNA,DAL,BNA->DAL,180,15.50,9.45,8.33,22.22,20.00
MCI,MSP,MCI->MSP,150,9.20,9.43,0.67,21.33,26.00
PHX,IAH,PHX->IAH,210,16.51,9.43,2.86,17.62,14.29
ATL,MCO,ATL->MCO,792,10.47,9.42,0.51,20.08,23.11
OKC,ORD,OKC->ORD,132,10.85,9.41,7.58,17.42,21.21
JFK,SAV,JFK->SAV,118,14.36,9.41,2.54,20.34,28.81
DEN,DAL,DEN->DAL,281,13.95,9.41,3.91,29.18,26.33
LAX,BNA,LAX->BNA,148,9.87,9.41,4.73,15.54,18.24
MIA,BWI,MIA->BWI,248,16.03,9.40,2.82,28.23,26.61
HOU,MAF,HOU->MAF,106,14.08,9.39,1.89,20.75,16.98
SAN,CLT,SAN->CLT,115,20.02,9.38,0.00,20.87,14.78
ISP,MCO,ISP->MCO,134,11.79,9.38,0.75,24.63,26.87
MDW,CMH,MDW->CMH,105,12.59,9.38,13.33,20.95,20.95
EWR,ATL,EWR->ATL,460,15.95,9.38,3.26,20.00,19.57
SAN,JFK,SAN->JFK,168,16.36,9.35,6.55,19.64,20.83
ASE,LAX,ASE->LAX,163,24.19,9.32,9.82,28.22,22.70
OGG,HNL,OGG->HNL,1001,6.01,9.31,2.00,16.18,22.88
MSY,DEN,MSY->DEN,229,12.61,9.28,8.73,18.34,18.78
DAL,BWI,DAL->BWI,132,15.85,9.27,6.06,28.03,23.48
ISP,PBI,ISP->PBI,124,9.50,9.27,0.81,23.39,26.61
SEA,SMF,SEA->SMF,324,14.32,9.26,3.09,22.53,20.06
IAH,DCA,IAH->DCA,184,19.95,9.25,3.80,21.74,19.02
LAS,DAL,LAS->DAL,242,9.99,9.24,3.31,18.60,24.38
FAI,SEA,FAI->SEA,163,13.98,9.23,7.36,22.09,26.38
RSW,IND,RSW->IND,103,15.53,9.19,0.00,27.18,23.30
DCA,STL,DCA->STL,201,14.94,9.18,9.95,19.40,19.40
DEN,MAF,DEN->MAF,104,17.12,9.18,1.92,25.00,24.04
MSP,PHL,MSP->PHL,110,16.29,9.18,0.00,17.27,19.09
SEA,LAS,SEA->LAS,539,16.18,9.18,6.31,25.42,22.82
FLL,BNA,FLL->BNA,195,14.97,9.18,3.59,31.79,27.69
MAF,DEN,MAF->DEN,104,10.40,9.15,0.96,18.27,17.31
RIC,CLT,RIC->CLT,185,16.30,9.14,0.54,22.16,21.08
SAT,IAH,SAT->IAH,156,12.39,9.14,11.54,12.18,12.18
IAH,DTW,IAH->DTW,161,9.63,9.14,3.11,18.01,22.98
SJU,ATL,SJU->ATL,211,12.60,9.14,0.47,17.06,22.75
ORD,SAN,ORD->SAN,209,20.52,9.13,9.57,21.53,18.18
ATL,PBI,ATL->PBI,342,10.96,9.13,0.00,21.93,22.81
STL,LGA,STL->LGA,309,15.46,9.11,8.09,18.77,17.80
SFO,SLC,SFO->SLC,288,18.59,9.10,0.00,27.43,22.57
SNA,PHX,SNA->PHX,377,13.92,9.09,1.06,19.36,18.04
BWI,JAX,BWI->JAX,121,12.87,9.08,1.65,31.40,26.45
LIT,ATL,LIT->ATL,176,7.71,9.07,0.57,15.34,23.30
HOU,LAS,HOU->LAS,153,13.37,9.03,0.00,26.80,24.18
DEN,OAK,DEN->OAK,152,17.68,8.99,1.97,36.84,29.61
MIA,EWR,MIA->EWR,430,19.19,8.98,11.63,23.95,23.26
ORD,SLC,ORD->SLC,239,21.65,8.97,5.86,29.29,24.27
JFK,RSW,JFK->RSW,123,6.77,8.95,0.81,13.82,26.83
SLC,OAK,SLC->OAK,171,17.82,8.94,0.58,24.56,19.88
IND,BOS,IND->BOS,146,10.09,8.94,2.74,20.55,19.86
LAX,TUS,LAX->TUS,196,10.16,8.93,0.51,15.82,17.86
PHX,IND,PHX->IND,112,12.98,8.92,0.00,22.32,23.21
AVL,CLT,AVL->CLT,214,13.13,8.91,1.87,19.16,21.50
STL,DAL,STL->DAL,178,10.77,8.91,3.93,22.47,24.16
DCA,ATL,DCA->ATL,571,16.41,8.91,3.50,21.02,21.72
PHX,BOI,PHX->BOI,129,8.94,8.88,0.00,11.63,21.71
PHL,DEN,PHL->DEN,198,26.80,8.88,2.53,25.25,22.22
ORD,SDF,ORD->SDF,143,12.77,8.87,3.50,23.08,27.27
EWR,DFW,EWR->DFW,263,14.56,8.87,3.04,17.87,20.15
HOU,MDW,HOU->MDW,128,15.53,8.86,7.81,24.22,21.88
MCO,CVG,MCO->CVG,159,12.62,8.85,1.26,22.64,23.27
MSP,OMA,MSP->OMA,120,15.70,8.84,1.67,24.17,22.50
BNA,MDW,BNA->MDW,147,17.30,8.83,11.56,21.77,18.37
BZN,DEN,BZN->DEN,180,12.45,8.83,3.89,16.67,21.67
JAX,PHL,JAX->PHL,111,13.20,8.83,3.60,20.72,21.62
HOU,CRP,HOU->CRP,113,13.17,8.82,2.65,23.01,19.47
PHL,MDW,PHL->MDW,122,15.12,8.80,8.20,27.05,23.77
SEA,FAI,SEA->FAI,162,18.64,8.79,6.17,29.01,24.69
JFK,JAX,JFK->JAX,129,14.86,8.79,1.55,24.81,27.91
PBI,ORD,PBI->ORD,147,14.04,8.79,5.44,20.41,17.69
DEN,COS,DEN->COS,364,16.50,8.78,1.10,26.92,23.35
SFO,PHX,SFO->PHX,363,15.44,8.77,3.03,26.72,22.59
PHX,PSP,PHX->PSP,134,11.35,8.77,0.75,17.91,17.16
HOU,MCO,HOU->MCO,176,14.10,8.76,1.14,19.32,19.89
DEN,DTW,DEN->DTW,236,10.82,8.76,1.27,26.69,25.42
HOU,BNA,HOU->BNA,143,14.28,8.76,6.29,25.17,18.88
SEA,SLC,SEA->SLC,287,14.51,8.73,4.88,21.95,21.25
ATL,BNA,ATL->BNA,271,12.51,8.73,3.69,18.08,18.82
ATL,TUL,ATL->TUL,105,13.23,8.71,0.00,22.86,20.95
DTW,BNA,DTW->BNA,165,12.35,8.68,6.06,19.39,21.82
MDW,AUS,MDW->AUS,107,14.35,8.67,10.28,22.43,24.30
FAT,PHX,FAT->PHX,132,9.61,8.67,0.00,19.70,21.97
DFW,SDF,DFW->SDF,160,11.49,8.67,2.50,23.75,25.00
SMF,SLC,SMF->SLC,151,16.29,8.66,0.00,20.53,17.88
DEN,MSY,DEN->MSY,222,13.21,8.64,8.56,23.87,24.77
FLL,TPA,FLL->TPA,117,17.77,8.64,2.56,40.17,23.93
AUS,BNA,AUS->BNA,187,14.20,8.64,6.42,27.27,22.46
MCO,DCA,MCO->DCA,458,14.89,8.63,3.06,24.67,19.65
AVL,ATL,AVL->ATL,165,13.87,8.63,0.61,17.58,18.79
ELP,AUS,ELP->AUS,117,10.38,8.62,2.56,17.09,17.95
SLC,LAS,SLC->LAS,393,12.68,8.61,0.51,23.66,24.43
MCO,BWI,MCO->BWI,496,16.02,8.61,2.02,29.03,22.18
HRL,HOU,HRL->HOU,115,13.73,8.61,0.00,19.13,20.00
SFO,ORD,SFO->ORD,296,13.81,8.60,7.77,16.89,16.22
MSP,DFW,MSP->DFW,229,12.65,8.59,0.44,22.27,26.20
HRL,DFW,HRL->DFW,122,10.99,8.58,3.28,18.85,22.13
DEN,RNO,DEN->RNO,194,16.91,8.57,1.55,27.32,23.20
MCO,IND,MCO->IND,193,14.42,8.57,1.04,30.05,25.39
DEN,GEG,DEN->GEG,128,17.68,8.57,4.69,35.94,30.47
LAX,LAS,LAX->LAS,776,11.57,8.55,3.35,20.62,19.85
ATL,RSW,ATL->RSW,332,8.94,8.55,0.00,18.98,23.80
PHX,SJC,PHX->SJC,232,13.14,8.55,0.00,25.00,22.41
ATL,STL,ATL->STL,256,11.29,8.53,1.17,22.27,22.27
MSY,TPA,MSY->TPA,102,13.07,8.51,0.00,23.53,19.61
CLT,HPN,CLT->HPN,107,8.47,8.50,5.61,17.76,21.50
AUS,HOU,AUS->HOU,151,14.43,8.48,1.32,24.50,21.85
SJU,TPA,SJU->TPA,126,8.33,8.48,0.00,18.25,22.22
ITO,HNL,ITO->HNL,562,4.81,8.43,1.07,15.30,20.64
CLT,IAD,CLT->IAD,146,16.76,8.42,1.37,19.18,15.75
BNA,PHX,BNA->PHX,179,22.95,8.41,5.03,26.82,17.88
RDU,DTW,RDU->DTW,105,15.00,8.41,0.00,20.00,16.19
MSY,LGA,MSY->LGA,144,21.15,8.40,0.00,27.78,23.61
CVG,DEN,CVG->DEN,158,17.97,8.40,1.27,24.05,15.19
DEN,SFO,DEN->SFO,397,19.47,8.39,7.05,32.24,27.71
DEN,AUS,DEN->AUS,349,14.62,8.39,3.44,27.51,25.21
PDX,LAS,PDX->LAS,324,15.06,8.38,8.02,21.30,19.44
CVG,DCA,CVG->DCA,161,10.47,8.38,4.97,18.01,21.12
JFK,ATL,JFK->ATL,247,18.28,8.37,0.00,22.67,26.32
DCA,CVG,DCA->CVG,162,12.00,8.36,4.94,21.60,22.84
LAS,HOU,LAS->HOU,161,12.00,8.36,0.00,30.43,27.33
BWI,AUS,BWI->AUS,102,11.46,8.36,4.90,23.53,22.55
BOI,PHX,BOI->PHX,128,13.88,8.34,0.00,19.53,17.97
EWR,PBI,EWR->PBI,341,12.69,8.32,18.48,17.30,17.30
FAT,LAS,FAT->LAS,134,10.62,8.31,0.00,21.64,23.88
ATL,DCA,ATL->DCA,572,12.15,8.29,2.97,17.48,17.48
LAS,MDW,LAS->MDW,239,14.86,8.27,7.11,25.94,22.18
BNA,TPA,BNA->TPA,174,8.97,8.26,8.05,19.54,20.11
PDX,SMF,PDX->SMF,133,11.73,8.26,3.76,19.55,19.55
CLT,BHM,CLT->BHM,183,12.35,8.23,2.73,17.49,19.67
PVD,DCA,PVD->DCA,186,12.07,8.18,4.84,18.82,22.58
EWR,AUS,EWR->AUS,137,9.26,8.16,10.22,11.68,20.44
SLC,MSP,SLC->MSP,124,11.98,8.15,0.00,20.97,20.97
LAS,OAK,LAS->OAK,394,12.63,8.15,0.76,27.66,25.13
ORD,OKC,ORD->OKC,132,17.22,8.14,9.09,25.00,25.76
OMA,MDW,OMA->MDW,108,10.67,8.11,12.04,19.44,19.44
DEN,MSP,DEN->MSP,475,12.03,8.10,2.74,21.05,19.16
AUS,MCO,AUS->MCO,248,10.33,8.09,1.61,21.77,25.40
ORD,SNA,ORD->SNA,176,18.05,8.08,0.57,25.57,22.16
MCO,BOS,MCO->BOS,423,20.24,8.07,1.42,27.66,22.46
DCA,ORD,DCA->ORD,510,13.05,8.06,5.29,16.67,21.37
JAX,MIA,JAX->MIA,162,6.97,8.06,1.23,13.58,20.99
FLL,EWR,FLL->EWR,529,21.80,8.04,9.45,23.82,21.36
DEN,TPA,DEN->TPA,298,14.42,8.00,4.70,29.87,26.17
TPA,LGA,TPA->LGA,232,20.08,7.99,0.00,20.26,18.53
HNL,LIH,HNL->LIH,730,6.92,7.95,0.68,17.67,20.96
LAS,IND,LAS->IND,113,10.75,7.95,0.00,25.66,26.55
AUS,SAN,AUS->SAN,132,10.89,7.91,6.82,25.00,24.24
PHX,HOU,PHX->HOU,156,13.19,7.89,0.00,26.28,23.72
DEN,PDX,DEN->PDX,311,15.75,7.87,7.40,24.12,25.72
HNL,ITO,HNL->ITO,562,9.51,7.87,1.07,22.24,22.06
DTW,CLT,DTW->CLT,209,13.40,7.84,2.87,17.70,19.62
JFK,TPA,JFK->TPA,192,12.36,7.84,0.52,19.27,23.96
DAL,ABQ,DAL->ABQ,145,16.23,7.84,3.45,25.52,21.38
MDW,MCI,MDW->MCI,162,11.94,7.83,13.58,18.52,18.52
LAS,AUS,LAS->AUS,268,11.87,7.82,0.37,22.39,21.64
SLC,SEA,SLC->SEA,286,13.91,7.81,4.90,19.93,25.17
SJU,BOS,SJU->BOS,168,20.93,7.80,0.60,27.98,20.83
EWR,RSW,EWR->RSW,214,11.42,7.80,14.95,19.16,19.16
DCA,TPA,DCA->TPA,192,9.38,7.76,3.65,21.88,22.40
EWR,RDU,EWR->RDU,194,14.15,7.76,5.67,23.71,23.71
ATL,SRQ,ATL->SRQ,239,9.05,7.76,0.00,20.92,20.50
ATL,AUS,ATL->AUS,297,8.31,7.76,0.34,19.53,28.28
BWI,BNA,BWI->BNA,139,15.06,7.75,4.32,28.78,25.90
LAS,ORD,LAS->ORD,395,12.48,7.75,7.59,17.97,17.22
CLT,RSW,CLT->RSW,204,11.87,7.74,0.00,25.49,25.00
DCA,BOS,DCA->BOS,731,14.16,7.73,5.06,21.34,20.93
SEA,OAK,SEA->OAK,168,14.56,7.72,9.52,23.81,22.02
BNA,BOS,BNA->BOS,171,22.95,7.68,8.77,20.47,15.79
JFK,SYR,JFK->SYR,123,15.25,7.61,5.69,20.33,20.33
DAL,AMA,DAL->AMA,113,15.75,7.61,3.54,28.32,21.24
SNA,PDX,SNA->PDX,106,0.69,7.61,2.83,13.21,17.92
PHX,ORD,PHX->ORD,501,12.77,7.60,6.19,19.76,17.37
SAT,ORD,SAT->ORD,108,10.56,7.59,12.96,11.11,16.67
DAY,DCA,DAY->DCA,104,7.61,7.59,6.73,16.35,20.19
LGA,BUF,LGA->BUF,144,14.14,7.56,15.97,15.28,17.36
MCI,DAL,MCI->DAL,157,10.02,7.56,9.55,17.83,23.57
ATL,XNA,ATL->XNA,111,15.36,7.55,1.80,22.52,18.92
MSP,MCI,MSP->MCI,149,13.75,7.55,2.01,16.11,18.12
BTR,ATL,BTR->ATL,105,13.13,7.54,3.81,17.14,17.14
LAS,MKE,LAS->MKE,116,9.22,7.54,6.03,19.83,20.69
LAS,MCI,LAS->MCI,157,7.62,7.53,3.18,19.11,22.93
ATL,JFK,ATL->JFK,242,16.99,7.53,0.00,24.79,22.73
BUF,LGA,BUF->LGA,144,12.13,7.52,16.67,14.58,18.06
LAS,FAT,LAS->FAT,134,12.81,7.51,0.00,25.37,24.63
DAL,MSY,DAL->MSY,205,13.66,7.51,3.41,28.78,25.37
CLT,MYR,CLT->MYR,188,13.20,7.51,2.13,21.28,21.81
ATL,MCI,ATL->MCI,256,10.95,7.49,2.34,23.05,21.88
DEN,MTJ,DEN->MTJ,167,13.39,7.48,0.60,25.75,24.55
DAL,DCA,DAL->DCA,147,13.84,7.47,5.44,24.49,21.09
LAX,DAL,LAX->DAL,186,7.02,7.40,0.54,14.52,21.51
SMF,PDX,SMF->PDX,133,8.92,7.37,2.26,13.53,16.54
SLC,GEG,SLC->GEG,123,13.83,7.37,0.00,25.20,21.14
STL,DTW,STL->DTW,128,6.41,7.37,4.69,15.63,19.53
PHL,IAH,PHL->IAH,133,9.21,7.36,5.26,15.79,20.30
SEA,IAH,SEA->IAH,141,16.66,7.35,14.18,23.40,19.86
DCA,MCI,DCA->MCI,168,17.77,7.34,10.12,20.83,19.05
DFW,MAF,DFW->MAF,217,10.48,7.33,3.69,19.82,19.35
SFO,IAH,SFO->IAH,251,22.80,7.32,11.95,21.91,16.73
MDW,DCA,MDW->DCA,178,10.08,7.32,10.67,23.60,24.16
DFW,GRK,DFW->GRK,129,10.79,7.31,6.98,20.93,20.16
ILM,CLT,ILM->CLT,208,12.74,7.31,1.92,19.23,16.35
DAL,MDW,DAL->MDW,158,14.93,7.28,6.96,27.85,20.89
GRR,ATL,GRR->ATL,106,8.12,7.25,1.89,16.98,24.53
IAH,SNA,IAH->SNA,113,9.85,7.25,3.54,20.35,19.47
DTW,LGA,DTW->LGA,342,15.41,7.25,4.39,17.25,19.59
STL,MSP,STL->MSP,167,12.61,7.24,2.40,19.16,19.16
MSP,MIA,MSP->MIA,158,6.10,7.22,0.63,15.19,27.85
HNL,KOA,HNL->KOA,697,7.59,7.22,1.43,20.37,19.94
PIT,LGA,PIT->LGA,246,13.37,7.20,3.66,13.01,13.82
DAL,STL,DAL->STL,178,12.27,7.19,3.37,22.47,18.54
DEN,DCA,DEN->DCA,124,11.36,7.17,0.00,23.39,20.97
ATL,LIT,ATL->LIT,178,8.97,7.14,0.56,15.17,16.85
ORD,PDX,ORD->PDX,107,20.16,7.13,20.56,19.63,15.89
ATL,GSP,ATL->GSP,263,9.20,7.08,0.38,20.53,20.15
SFO,OGG,SFO->OGG,101,7.73,7.04,2.97,9.90,15.84
BOI,LAS,BOI->LAS,169,10.31,7.04,1.18,18.93,21.89
SFO,DEN,SFO->DEN,399,15.24,7.02,5.76,24.81,22.31
SAN,DAL,SAN->DAL,120,9.57,7.01,1.67,19.17,20.00
BNA,BWI,BNA->BWI,144,12.60,7.01,6.25,21.53,17.36
DCA,PIT,DCA->PIT,135,13.01,6.99,8.15,20.74,22.22
ATL,ORF,ATL->ORF,167,8.78,6.99,1.20,13.77,16.77
DEN,MCI,DEN->MCI,355,10.84,6.97,4.79,23.38,21.97
BNA,AUS,BNA->AUS,184,12.86,6.96,5.98,21.20,22.83
LAX,IAD,LAX->IAD,146,7.00,6.94,8.22,14.38,21.92
IND,PHX,IND->PHX,112,19.00,6.94,0.00,25.00,24.11
AUS,SJC,AUS->SJC,112,12.10,6.90,1.79,22.32,23.21
SFO,AUS,SFO->AUS,152,12.15,6.86,21.05,18.42,18.42
ATL,DAY,ATL->DAY,107,9.99,6.86,0.00,12.15,14.95
SFO,FLL,SFO->FLL,165,11.50,6.83,8.48,15.76,20.61
ATL,JAN,ATL->JAN,228,10.99,6.83,0.44,20.18,23.25
ONT,LAS,ONT->LAS,197,13.46,6.81,0.51,16.75,16.75
ATL,BHM,ATL->BHM,225,9.92,6.79,0.44,14.22,13.78
BHM,ATL,BHM->ATL,224,17.85,6.78,0.89,13.84,13.39
SYR,ORD,SYR->ORD,112,14.13,6.77,3.57,18.75,25.00
DAL,LAS,DAL->LAS,240,17.12,6.75,1.67,29.58,27.92
BNA,ATL,BNA->ATL,271,10.62,6.73,4.43,13.28,15.87
DFW,ASE,DFW->ASE,130,12.13,6.71,3.08,17.69,23.08
IND,MSP,IND->MSP,106,17.58,6.70,0.94,15.09,17.92
ATL,CMH,ATL->CMH,222,9.53,6.67,0.45,19.37,19.82
SAN,AUS,SAN->AUS,131,7.75,6.65,12.98,16.03,19.85
RSW,DTW,RSW->DTW,212,11.76,6.63,0.47,17.45,19.34
BOS,ATL,BOS->ATL,342,15.16,6.63,0.58,18.42,22.81
LGA,DAL,LGA->DAL,117,20.81,6.62,6.84,30.77,24.79
DCA,DAL,DCA->DAL,147,14.56,6.61,8.84,21.77,22.45
BOS,ORD,BOS->ORD,467,14.85,6.61,7.49,15.63,18.63
LAS,BWI,LAS->BWI,149,10.95,6.60,3.36,20.81,18.79
OGG,KOA,OGG->KOA,124,6.22,6.59,0.81,20.16,24.19
LAS,BNA,LAS->BNA,137,11.85,6.53,2.92,24.09,23.36
DCA,PVD,DCA->PVD,186,13.47,6.51,8.06,21.51,19.35
CLT,PHX,CLT->PHX,242,15.79,6.50,0.00,26.86,24.79
TLH,MIA,TLH->MIA,113,6.72,6.50,3.54,22.12,24.78
ATL,DTW,ATL->DTW,405,10.53,6.45,0.49,22.96,22.72
STL,ATL,STL->ATL,264,8.25,6.44,1.14,16.29,19.32
MSY,IAH,MSY->IAH,208,12.44,6.44,12.98,15.87,17.79
SEA,SAN,SEA->SAN,351,16.25,6.43,11.40,22.51,20.51
LAX,AUS,LAX->AUS,299,7.58,6.43,2.34,16.72,20.07
DEN,ONT,DEN->ONT,229,19.81,6.40,1.31,32.75,24.89
CLT,SJU,CLT->SJU,111,14.21,6.37,0.00,23.42,21.62
ATL,BDL,ATL->BDL,145,9.45,6.34,0.00,17.24,17.93
HOU,DAL,HOU->DAL,344,10.15,6.31,3.78,22.09,22.09
MCO,LGA,MCO->LGA,470,16.74,6.30,1.70,24.04,21.49
MDW,DAL,MDW->DAL,166,14.46,6.29,9.04,23.49,21.08
EWR,BOS,EWR->BOS,285,13.54,6.24,2.81,17.54,18.25
MIA,CVG,MIA->CVG,103,10.81,6.23,0.00,20.39,24.27
HOU,STL,HOU->STL,119,10.63,6.23,2.52,18.49,15.13
MEM,DEN,MEM->DEN,104,10.64,6.20,0.96,18.27,21.15
OGG,LIH,OGG->LIH,124,4.05,6.20,0.00,17.74,18.55
PHX,SMF,PHX->SMF,295,9.58,6.18,0.00,21.36,20.68
ONT,PHX,ONT->PHX,254,11.74,6.14,0.79,14.57,14.96
IAH,SEA,IAH->SEA,140,17.49,6.14,14.29,31.43,23.57
DEN,FAR,DEN->FAR,110,11.35,6.12,3.64,23.64,22.73
MCI,MDW,MCI->MDW,151,9.10,6.12,11.92,16.56,17.22
DEN,LAS,DEN->LAS,696,15.24,6.11,2.87,25.86,22.41
DAL,LBB,DAL->LBB,131,15.06,6.11,5.34,26.72,25.19
ATL,LAS,ATL->LAS,408,16.39,6.10,0.00,24.02,24.26
ATL,CHS,ATL->CHS,203,7.64,6.09,0.00,14.29,17.24
CLT,DEN,CLT->DEN,238,12.69,6.08,0.84,24.79,25.63
DFW,HOU,DFW->HOU,172,12.00,6.08,6.40,16.86,17.44
FLL,LAX,FLL->LAX,211,13.53,6.08,5.21,22.27,29.38
SLC,SNA,SLC->SNA,130,14.48,6.07,0.00,21.54,23.85
CRP,HOU,CRP->HOU,113,12.30,6.07,1.77,14.16,16.81
PHX,FAT,PHX->FAT,132,10.35,6.01,0.00,21.97,23.48
SLC,DEN,SLC->DEN,665,10.02,5.98,1.20,16.24,21.20
LAX,DTW,LAX->DTW,193,12.05,5.95,1.04,17.62,17.10
ABQ,PHX,ABQ->PHX,229,9.67,5.95,0.87,18.78,20.09
BDL,BWI,BDL->BWI,130,13.50,5.92,2.31,25.38,17.69
ATL,MKE,ATL->MKE,188,11.09,5.91,3.19,19.68,19.68
RSW,BWI,RSW->BWI,122,12.06,5.90,4.10,29.51,21.31
BDL,ORD,BDL->ORD,132,7.99,5.89,5.30,16.67,21.97
CVG,ATL,CVG->ATL,206,9.21,5.89,0.49,13.11,17.96
ATL,BWI,ATL->BWI,445,11.89,5.88,1.12,21.57,18.43
CHA,ATL,CHA->ATL,168,12.44,5.87,1.79,17.86,16.07
BOS,CLT,BOS->CLT,357,14.55,5.87,2.24,21.01,21.29
ATL,JAX,ATL->JAX,367,9.38,5.87,0.54,23.16,21.25
ATL,DAL,ATL->DAL,239,10.28,5.81,1.26,19.67,21.76
DEN,SAT,DEN->SAT,251,10.95,5.79,6.37,23.51,22.71
DAL,LGA,DAL->LGA,117,18.10,5.78,5.13,31.62,19.66
BUR,SFO,BUR->SFO,293,7.43,5.77,0.34,17.41,26.62
BOS,DTW,BOS->DTW,203,12.83,5.77,1.48,22.17,21.67
PHL,PHX,PHL->PHX,210,12.75,5.77,0.95,13.33,19.52
TPA,DCA,TPA->DCA,192,15.52,5.75,3.13,20.83,18.23
MIA,TLH,MIA->TLH,113,5.75,5.74,2.65,17.70,22.12
RDU,JFK,RDU->JFK,294,14.74,5.73,2.04,22.79,21.09
SAN,SMF,SAN->SMF,409,9.14,5.72,0.49,17.60,18.83
DEN,PHX,DEN->PHX,801,14.78,5.71,3.87,27.47,24.09
LAS,TUS,LAS->TUS,120,12.88,5.69,0.00,27.50,25.00
BOS,PHX,BOS->PHX,181,30.03,5.68,0.55,22.65,16.02
DTW,IAD,DTW->IAD,111,7.65,5.68,2.70,16.22,23.42
DFW,ICT,DFW->ICT,198,11.46,5.67,2.53,21.21,19.70
SEA,DEN,SEA->DEN,482,12.35,5.66,7.26,19.09,17.63
MEM,ATL,MEM->ATL,250,10.35,5.65,3.20,14.00,13.20
LAS,LAX,LAS->LAX,775,12.84,5.64,3.74,22.19,20.52
DFW,EWR,DFW->EWR,263,15.95,5.64,3.04,23.95,23.57
BOS,AUS,BOS->AUS,112,12.95,5.62,0.89,22.32,24.11
PHX,SEA,PHX->SEA,535,11.92,5.62,6.54,20.19,20.56
RDU,BNA,RDU->BNA,171,7.85,5.62,5.26,17.54,18.13
DEN,ATL,DEN->ATL,481,12.56,5.60,2.29,24.12,20.79
TPA,JFK,TPA->JFK,191,15.30,5.57,0.52,18.85,16.75
RSW,CLT,RSW->CLT,204,10.92,5.54,0.00,18.14,14.71
CHS,LGA,CHS->LGA,115,15.42,5.53,5.22,13.91,13.04
BNA,HOU,BNA->HOU,143,10.88,5.53,6.29,23.78,20.98
ATL,CHA,ATL->CHA,169,10.80,5.50,1.78,20.71,17.75
LAS,PDX,LAS->PDX,327,6.91,5.50,5.20,18.65,23.85
ORD,SEA,ORD->SEA,271,20.51,5.49,7.01,26.20,22.88
DAL,BNA,DAL->BNA,180,10.36,5.49,7.22,22.78,18.33
ATL,CAE,ATL->CAE,174,8.47,5.48,0.00,18.97,18.39
MCI,DEN,MCI->DEN,358,9.51,5.48,5.03,17.32,20.67
PHL,ATL,PHL->ATL,420,9.96,5.48,0.95,17.62,22.14
SJC,PDX,SJC->PDX,185,8.13,5.47,5.41,17.84,17.84
SFO,PDX,SFO->PDX,222,11.78,5.46,10.36,19.82,17.57
BOS,IND,BOS->IND,146,13.43,5.40,4.79,20.55,21.23
LGA,GSP,LGA->GSP,126,15.13,5.39,5.56,18.25,18.25
TPA,CLT,TPA->CLT,315,9.30,5.39,0.32,16.19,16.83
ATL,ECP,ATL->ECP,163,6.60,5.38,0.00,16.56,18.40
RDU,PHL,RDU->PHL,166,10.79,5.36,4.22,16.27,15.66
LAS,SEA,LAS->SEA,541,12.60,5.33,5.18,20.52,19.78
ATL,TLH,ATL->TLH,156,5.89,5.33,0.00,15.38,17.31
LAX,CLT,LAX->CLT,236,16.06,5.32,0.42,14.83,15.25
MSP,RSW,MSP->RSW,160,12.17,5.32,0.00,15.63,16.88
DEN,TUS,DEN->TUS,217,15.12,5.32,2.76,31.34,24.42
MCO,BDL,MCO->BDL,154,12.41,5.31,1.95,25.97,25.97
LAX,BWI,LAX->BWI,121,11.79,5.31,10.74,23.14,23.14
DEN,SEA,DEN->SEA,483,14.14,5.30,4.55,27.54,24.84
LAS,MCO,LAS->MCO,104,10.19,5.30,0.00,19.23,25.00
LAS,EWR,LAS->EWR,232,12.88,5.27,3.88,13.79,15.95
CMH,LGA,CMH->LGA,226,8.69,5.26,4.42,13.72,13.27
DAL,SAT,DAL->SAT,248,10.35,5.25,3.23,20.16,20.56
PSP,PHX,PSP->PHX,134,2.69,5.23,0.75,11.94,17.91
HNL,OGG,HNL->OGG,994,6.74,5.20,1.81,16.80,18.51
DTW,SLC,DTW->SLC,119,20.82,5.19,0.84,27.73,21.01
IAH,TPA,IAH->TPA,149,10.85,5.19,8.72,15.44,15.44
ATL,LGA,ATL->LGA,645,16.07,5.18,1.24,21.09,17.05
TPA,DEN,TPA->DEN,299,12.04,5.14,3.34,16.72,18.06
BOS,BWI,BOS->BWI,281,14.19,5.12,5.34,23.13,18.86
BUF,BWI,BUF->BWI,134,9.84,5.11,11.94,14.93,17.16
LAS,IAH,LAS->IAH,332,12.25,5.10,5.72,19.88,17.77
DCA,MKE,DCA->MKE,114,14.72,5.09,11.40,17.54,13.16
DAL,AUS,DAL->AUS,224,12.28,5.07,4.02,25.00,19.64
DCA,BNA,DCA->BNA,333,10.97,5.03,9.91,15.02,13.51
IAD,BOS,IAD->BOS,124,10.58,5.03,12.10,12.90,14.52
HPN,CLT,HPN->CLT,107,13.43,5.03,5.61,20.56,17.76
LAX,JFK,LAX->JFK,752,11.20,5.01,0.00,16.76,18.22
OAK,LAS,OAK->LAS,396,10.99,4.99,0.76,23.23,20.20
OKC,DEN,OKC->DEN,224,8.30,4.98,2.68,11.61,16.52
AUS,SLC,AUS->SLC,136,11.65,4.97,2.21,20.59,22.06
TPA,ORD,TPA->ORD,308,13.80,4.93,3.90,17.86,15.58
ATL,AVL,ATL->AVL,166,9.44,4.91,0.60,14.46,14.46
MSP,MDW,MSP->MDW,227,13.03,4.89,9.25,17.18,15.86
DEN,SLC,DEN->SLC,664,15.43,4.89,1.20,26.96,24.55
SAN,SEA,SAN->SEA,351,13.51,4.88,10.83,16.81,17.95
OAK,PDX,OAK->PDX,174,7.38,4.88,2.87,17.82,14.94
LAX,EWR,LAX->EWR,436,16.22,4.84,5.73,17.66,15.83
HSV,ATL,HSV->ATL,193,9.31,4.84,3.63,16.06,16.58
PHX,BNA,PHX->BNA,188,8.24,4.82,5.32,17.02,17.55
LAX,KOA,LAX->KOA,132,12.86,4.82,0.76,21.21,21.21
SJU,EWR,SJU->EWR,200,14.23,4.82,1.50,26.00,25.00
OAK,PHX,OAK->PHX,173,12.89,4.81,1.16,26.59,17.92
LAS,SJC,LAS->SJC,352,11.84,4.81,0.85,25.85,21.59
ATL,PHL,ATL->PHL,421,9.32,4.80,0.48,18.53,19.24
PIT,BOS,PIT->BOS,143,7.55,4.79,4.20,20.28,20.98
SLC,SJC,SLC->SJC,150,14.82,4.79,0.00,26.67,23.33
PHX,LGB,PHX->LGB,115,12.03,4.77,0.00,22.61,16.52
LAS,SMF,LAS->SMF,458,9.45,4.77,0.44,19.43,17.03
MDW,BNA,MDW->BNA,152,11.91,4.77,9.87,19.74,18.42
PHX,OAK,PHX->OAK,168,8.29,4.74,0.00,18.45,17.26
SFO,SNA,SFO->SNA,325,9.88,4.74,0.00,19.69,19.38
CMH,MCO,CMH->MCO,181,6.97,4.69,0.00,14.92,18.78
PHX,DAL,PHX->DAL,257,8.93,4.68,2.33,16.73,17.51
ATL,PIT,ATL->PIT,199,9.13,4.66,0.00,15.08,15.58
EWR,IAH,EWR->IAH,283,11.60,4.64,12.01,18.37,22.97
ATL,CLT,ATL->CLT,374,10.77,4.63,0.27,18.72,17.91
DFW,HRL,DFW->HRL,122,11.36,4.63,3.28,22.13,18.03
SAT,HOU,SAT->HOU,151,9.13,4.58,1.32,17.22,17.88
PHX,MDW,PHX->MDW,217,9.58,4.58,8.29,17.05,13.36
DAL,DEN,DAL->DEN,281,10.56,4.58,3.56,23.84,22.06
DCA,RDU,DCA->RDU,226,11.49,4.57,4.87,16.81,17.26
DTW,SEA,DTW->SEA,131,23.69,4.53,5.34,28.24,20.61
PHX,SLC,PHX->SLC,503,9.58,4.51,0.00,15.90,16.10
SMF,LAS,SMF->LAS,461,10.57,4.50,1.08,18.87,15.40
DEN,JFK,DEN->JFK,101,12.27,4.50,0.00,22.77,19.80
ATL,HSV,ATL->HSV,194,8.70,4.49,3.61,14.43,15.98
BOS,IAD,BOS->IAD,124,10.17,4.48,3.23,12.10,18.55
SEA,PSP,SEA->PSP,189,11.32,4.47,12.17,19.05,15.34
LAS,STL,LAS->STL,148,8.51,4.47,2.70,19.59,20.95
RNO,DEN,RNO->DEN,193,12.35,4.42,1.55,18.13,13.47
STL,DEN,STL->DEN,310,10.73,4.41,3.23,21.61,19.68
STL,MDW,STL->MDW,146,10.13,4.41,11.64,21.23,17.81
MSP,DTW,MSP->DTW,179,6.98,4.40,0.56,12.29,14.53
SEA,AUS,SEA->AUS,124,11.73,4.39,8.06,18.55,20.16
CLT,AVL,CLT->AVL,214,6.99,4.34,2.34,16.82,17.76
ATL,SAT,ATL->SAT,231,9.09,4.32,0.00,21.21,16.88
LGA,CHS,LGA->CHS,115,9.45,4.29,3.48,18.26,26.96
LAS,ABQ,LAS->ABQ,142,9.16,4.28,0.70,22.54,18.31
ATL,OKC,ATL->OKC,167,9.77,4.25,1.20,16.77,17.96
CLT,GSO,CLT->GSO,198,12.87,4.24,1.01,21.72,19.70
OKC,HOU,OKC->HOU,116,7.51,4.23,1.72,15.52,18.97
OKC,ATL,OKC->ATL,167,7.84,4.22,1.20,10.18,10.78
PHL,DCA,PHL->DCA,112,11.01,4.21,3.57,18.75,17.86
LAS,RNO,LAS->RNO,330,10.52,4.21,1.82,21.82,19.39
JFK,BNA,JFK->BNA,154,10.65,4.19,6.49,12.99,17.53
ATL,MLB,ATL->MLB,105,7.86,4.18,0.00,18.10,17.14
CVG,ORD,CVG->ORD,186,12.25,4.17,2.69,20.43,20.97
EWR,CVG,EWR->CVG,162,13.80,4.17,3.09,14.81,16.05
DTW,STL,DTW->STL,127,7.30,4.16,3.94,15.75,22.83
SEA,ATL,SEA->ATL,233,13.46,4.15,6.87,21.89,18.45
CLT,LAX,CLT->LAX,236,13.47,4.15,0.42,25.85,23.31
ATL,HOU,ATL->HOU,245,10.24,4.14,0.00,20.82,20.41
DAB,ATL,DAB->ATL,108,12.34,4.08,0.00,7.41,8.33
RDU,ATL,RDU->ATL,366,11.02,4.08,0.55,17.49,17.21
LAS,DEN,LAS->DEN,697,8.80,4.07,4.16,19.51,18.94
MSP,MKE,MSP->MKE,115,9.94,4.05,3.48,14.78,17.39
ATL,DAB,ATL->DAB,108,5.24,4.04,0.00,11.11,11.11
SJC,PHX,SJC->PHX,232,9.49,4.04,0.43,19.40,18.10
JAC,DEN,JAC->DEN,116,11.24,4.03,0.86,17.24,18.97
HNL,SEA,HNL->SEA,233,32.06,4.03,12.02,33.48,20.60
HOU,DEN,HOU->DEN,246,10.64,4.03,3.25,20.73,17.89
DEN,ABQ,DEN->ABQ,211,12.81,4.03,3.32,27.49,19.91
LGA,RIC,LGA->RIC,153,17.99,4.03,6.54,18.95,21.57
PHX,SAN,PHX->SAN,473,8.21,4.02,0.00,19.45,17.12
TUS,PHX,TUS->PHX,257,3.54,4.02,0.00,11.67,15.95
LAX,ORD,LAX->ORD,507,11.22,4.01,7.50,16.96,17.36
PHX,ONT,PHX->ONT,254,9.77,4.01,0.00,25.20,20.47
TPA,BWI,TPA->BWI,268,11.87,4.00,3.36,20.90,14.93
ATL,MEM,ATL->MEM,250,9.20,4.00,2.80,18.40,17.20
SEA,SJC,SEA->SJC,317,13.05,3.98,5.99,22.71,19.24
GSP,LGA,GSP->LGA,126,13.30,3.95,6.35,14.29,13.49
PDX,DEN,PDX->DEN,299,9.78,3.94,6.02,18.39,17.39
CMH,ATL,CMH->ATL,222,6.27,3.92,0.45,12.16,17.57
LAS,BOI,LAS->BOI,168,7.13,3.92,0.00,17.86,17.26
SNA,SEA,SNA->SEA,339,8.20,3.90,1.77,17.11,20.06
RNO,PHX,RNO->PHX,172,12.05,3.89,1.16,12.79,8.72
ATL,IND,ATL->IND,248,9.65,3.86,0.00,18.95,14.92
LAS,LGB,LAS->LGB,197,12.86,3.86,1.02,25.89,20.30
LGB,LAS,LGB->LAS,197,8.98,3.85,1.52,18.27,17.77
LAS,SAT,LAS->SAT,187,7.72,3.84,1.60,17.11,19.25
COS,DEN,COS->DEN,364,8.26,3.82,1.92,15.11,16.21
TUL,ATL,TUL->ATL,105,8.10,3.82,0.00,18.10,20.00
PBI,BWI,PBI->BWI,123,11.31,3.80,0.00,19.51,18.70
JFK,CMH,JFK->CMH,135,7.67,3.80,1.48,16.30,20.74
MSY,ATL,MSY->ATL,382,8.97,3.79,0.26,17.54,16.75
MDW,STL,MDW->STL,146,7.77,3.79,10.27,17.12,17.81
DFW,SNA,DFW->SNA,230,10.38,3.78,1.30,21.74,20.87
BOI,SFO,BOI->SFO,109,9.30,3.78,0.00,11.93,16.51
SFO,CLT,SFO->CLT,118,10.76,3.76,0.85,12.71,19.49
TPA,SJU,TPA->SJU,126,14.21,3.75,0.00,24.60,19.05
JFK,IND,JFK->IND,164,12.61,3.74,3.05,15.85,16.46
DEN,BOI,DEN->BOI,218,11.60,3.73,6.42,22.02,21.10
SLC,SAN,SLC->SAN,222,10.16,3.73,0.00,19.82,19.82
MSY,CLT,MSY->CLT,142,8.73,3.72,0.70,14.08,14.79
DEN,SBA,DEN->SBA,112,14.26,3.70,0.89,25.89,20.54
LAX,RNO,LAX->RNO,206,7.16,3.69,0.49,14.08,16.02
SFO,PSP,SFO->PSP,218,9.88,3.68,1.38,17.43,16.06
DTW,MSP,DTW->MSP,177,15.49,3.62,0.56,20.34,18.64
IAH,MSP,IAH->MSP,153,9.35,3.61,3.27,16.34,20.92
SNA,LAS,SNA->LAS,341,9.76,3.61,0.88,18.48,16.72
MSP,MCO,MSP->MCO,201,8.95,3.60,0.00,12.44,20.90
ATL,RDU,ATL->RDU,366,7.88,3.59,0.27,17.21,16.12
BOS,LAS,BOS->LAS,115,13.17,3.57,0.00,26.96,25.22
PHX,DEN,PHX->DEN,802,7.90,3.57,2.87,18.45,17.58
PHL,MSP,PHL->MSP,110,11.49,3.56,0.00,13.64,12.73
MSP,CVG,MSP->CVG,108,7.41,3.56,0.00,17.59,22.22
ATL,GSO,ATL->GSO,191,8.28,3.51,0.52,15.71,16.23
MDW,LAS,MDW->LAS,242,18.12,3.50,8.68,24.79,21.07
IAD,ATL,IAD->ATL,222,11.23,3.48,1.35,11.71,15.32
IAD,IAH,IAD->IAH,121,6.06,3.47,4.96,15.70,23.14
ATL,SAV,ATL->SAV,196,8.06,3.46,0.00,15.82,14.80
ELP,PHX,ELP->PHX,208,4.24,3.45,1.44,11.54,12.50
LAX,FLL,LAX->FLL,209,9.58,3.44,5.26,20.10,20.57
ATL,MYR,ATL->MYR,101,7.01,3.43,0.00,11.88,12.87
PHX,BOS,PHX->BOS,181,7.29,3.42,0.55,14.36,16.57
DCA,DEN,DCA->DEN,124,16.26,3.41,0.00,20.16,17.74
SFO,SAN,SFO->SAN,459,8.55,3.41,6.75,20.26,18.74
MCO,PVD,MCO->PVD,121,11.32,3.40,0.83,23.14,19.01
TLH,ATL,TLH->ATL,156,8.63,3.39,0.00,16.03,15.38
ATL,RIC,ATL->RIC,245,8.56,3.39,0.00,20.00,17.55
IAD,DTW,IAD->DTW,110,13.76,3.37,2.73,20.91,19.09
EWR,TPA,EWR->TPA,256,8.50,3.34,16.41,15.23,16.80
ATL,PHX,ATL->PHX,274,11.89,3.33,0.00,21.17,20.80
SLC,MCO,SLC->MCO,191,6.33,3.32,0.00,13.61,24.08
TPA,FLL,TPA->FLL,117,9.59,3.32,0.85,19.66,20.51
DEN,SJC,DEN->SJC,226,14.16,3.31,3.10,27.43,22.57
LAX,OGG,LAX->OGG,168,10.51,3.30,0.60,13.10,16.07
CMH,DEN,CMH->DEN,142,15.99,3.29,2.11,25.35,18.31
PIT,ORD,PIT->ORD,215,8.07,3.28,4.65,13.02,16.28
ECP,ATL,ECP->ATL,163,10.39,3.26,0.00,16.56,14.72
PHL,IND,PHL->IND,117,6.12,3.25,3.42,11.97,12.82
MCO,BUF,MCO->BUF,144,17.29,3.24,12.50,18.75,15.28
MSY,LAX,MSY->LAX,128,16.00,3.21,0.00,24.22,17.19
LAX,OAK,LAX->OAK,330,7.16,3.19,1.82,18.18,19.09
TPA,IND,TPA->IND,102,11.29,3.17,0.00,22.55,19.61
IND,TPA,IND->TPA,102,5.59,3.15,0.00,20.59,21.57
SAN,SJC,SAN->SJC,432,6.54,3.15,0.46,15.05,13.66
ABQ,LAS,ABQ->LAS,150,10.34,3.13,0.67,19.33,18.00
PDX,SNA,PDX->SNA,106,5.90,3.10,7.55,11.32,15.09
TPA,ATL,TPA->ATL,568,10.33,3.08,0.35,18.84,17.25
SEA,ONT,SEA->ONT,143,12.43,3.07,10.49,20.28,16.08
SLC,ATL,SLC->ATL,260,10.01,3.06,0.00,16.54,18.85
LAX,ABQ,LAX->ABQ,175,6.63,3.06,0.00,7.43,7.43
HOU,BWI,HOU->BWI,105,11.78,3.05,3.81,20.00,17.14
CVG,BOS,CVG->BOS,138,2.29,3.01,1.45,11.59,18.12
PDX,ORD,PDX->ORD,107,4.01,3.00,16.82,10.28,13.08
TPA,MDW,TPA->MDW,132,10.12,2.99,12.88,20.45,14.39
LAX,PDX,LAX->PDX,299,6.88,2.99,8.70,14.72,16.05
PHX,SNA,PHX->SNA,376,9.05,2.98,0.00,21.81,19.95
DEN,SAN,DEN->SAN,401,14.45,2.93,6.23,25.19,19.45
DAL,MAF,DAL->MAF,126,9.06,2.90,3.97,22.22,17.46
IND,ATL,IND->ATL,248,8.75,2.87,0.81,15.73,20.56
PDX,OAK,PDX->OAK,170,7.80,2.87,4.12,14.12,11.18
BNA,LAS,BNA->LAS,142,17.69,2.85,3.52,30.28,21.83
LGA,RDU,LGA->RDU,302,8.88,2.84,4.30,18.87,19.21
PHX,EWR,PHX->EWR,257,7.69,2.84,5.84,15.95,21.79
JFK,CLT,JFK->CLT,263,11.88,2.84,2.66,11.41,14.45
FAR,MSP,FAR->MSP,141,11.37,2.82,0.00,17.02,15.60
TUL,DEN,TUL->DEN,129,6.18,2.81,3.10,14.73,16.28
BRO,DFW,BRO->DFW,111,6.93,2.81,2.70,18.02,17.12
PHX,MSP,PHX->MSP,262,7.90,2.81,0.38,14.50,14.12
BUR,SLC,BUR->SLC,122,9.59,2.80,0.00,15.57,16.39
SMF,DEN,SMF->DEN,269,8.23,2.80,4.83,15.24,14.13
LGA,PIT,LGA->PIT,246,11.22,2.78,3.66,20.33,19.92
PIT,DCA,PIT->DCA,135,8.26,2.76,5.93,17.04,17.78
SFO,SEA,SFO->SEA,489,12.93,2.74,10.43,20.45,16.77
SEA,JFK,SEA->JFK,186,9.05,2.72,11.29,14.52,16.67
SFO,LAX,SFO->LAX,857,9.98,2.70,4.78,20.77,18.90
LAS,BUR,LAS->BUR,358,10.35,2.65,1.96,20.11,17.60
SAN,PHX,SAN->PHX,463,6.47,2.65,0.65,16.85,17.06
TPA,BOS,TPA->BOS,190,14.60,2.65,1.05,25.26,21.05
DFW,BRO,DFW->BRO,111,7.97,2.65,2.70,17.12,18.02
ROC,ORD,ROC->ORD,126,6.82,2.64,7.94,15.08,19.05
DEN,FSD,DEN->FSD,134,10.20,2.63,2.24,16.42,14.93
PHX,LAX,PHX->LAX,514,8.72,2.62,2.92,15.76,14.01
ATL,EWR,ATL->EWR,461,12.16,2.57,3.47,19.09,16.49
PBI,EWR,PBI->EWR,341,18.80,2.54,18.18,20.82,16.13
LAX,IAH,LAX->IAH,405,11.69,2.53,12.10,15.06,11.11
IAD,LAX,IAD->LAX,145,15.27,2.52,15.86,21.38,17.24
CLE,ATL,CLE->ATL,206,9.19,2.50,0.00,21.36,19.42
BOS,BNA,BOS->BNA,171,16.24,2.50,7.60,18.71,16.37
MTJ,DEN,MTJ->DEN,167,8.03,2.49,0.60,21.56,17.96
DAL,ELP,DAL->ELP,139,9.99,2.45,1.44,23.74,20.14
TPA,CLE,TPA->CLE,129,9.17,2.45,2.33,23.26,19.38
VPS,ATL,VPS->ATL,143,10.64,2.41,0.00,13.99,11.89
BUR,LAS,BUR->LAS,369,8.08,2.40,1.36,16.26,16.53
LIH,OGG,LIH->OGG,124,2.83,2.38,0.00,11.29,12.90
PHX,TUS,PHX->TUS,258,6.41,2.37,0.00,12.79,12.02
BOS,IAH,BOS->IAH,130,8.11,2.36,5.38,14.62,23.85
GEG,SLC,GEG->SLC,123,9.62,2.35,0.00,15.45,22.76
STL,LAS,STL->LAS,137,17.01,2.34,2.19,30.66,25.55
SAN,PDX,SAN->PDX,135,4.18,2.34,25.19,11.85,14.81
SJC,LAS,SJC->LAS,354,9.47,2.34,0.56,20.62,16.38
DCA,MDW,DCA->MDW,178,13.98,2.24,9.55,20.79,13.48
LGA,CLT,LGA->CLT,455,12.88,2.23,3.52,19.78,19.34
DEN,LAX,DEN->LAX,591,14.60,2.22,7.45,23.01,17.60
MDW,PHX,MDW->PHX,225,18.82,2.20,8.44,26.22,19.56
ATL,CLE,ATL->CLE,206,7.95,2.18,0.49,18.93,16.99
LAX,BOS,LAX->BOS,276,8.30,2.16,0.72,15.58,17.75
MCO,LAX,MCO->LAX,261,9.16,2.16,3.45,12.26,15.71
SAN,OAK,SAN->OAK,290,6.36,2.14,0.69,17.24,15.52
OAK,SLC,OAK->SLC,171,10.04,2.13,0.58,18.13,16.37
ATL,SFO,ATL->SFO,204,15.38,2.10,1.47,22.06,17.65
ABQ,DAL,ABQ->DAL,145,5.34,2.09,3.45,11.72,11.72
ONT,SMF,ONT->SMF,133,11.26,2.09,0.00,22.56,17.29
ATL,GNV,ATL->GNV,136,4.74,2.08,2.21,12.50,18.38
LAX,MSY,LAX->MSY,128,3.77,2.08,0.00,14.06,19.53
BNA,MSP,BNA->MSP,120,10.41,2.06,3.33,18.33,15.00
GJT,DEN,GJT->DEN,125,17.00,2.02,1.60,16.00,11.20
BDL,ATL,BDL->ATL,144,6.86,2.02,0.00,15.97,22.22
ATL,SDF,ATL->SDF,212,6.20,2.00,0.00,16.04,14.62
RSW,JFK,RSW->JFK,122,11.52,2.00,0.00,18.03,18.03
AUS,DAL,AUS->DAL,224,7.67,2.00,4.46,17.86,17.86
RSW,EWR,RSW->EWR,213,16.84,1.99,15.96,21.60,15.49
DCA,MSP,DCA->MSP,172,12.62,1.99,2.33,19.19,17.44
SNA,SMF,SNA->SMF,195,7.36,1.98,0.51,18.46,13.85
MHT,BWI,MHT->BWI,110,8.40,1.94,2.73,19.09,15.45
CVG,LGA,CVG->LGA,177,5.60,1.93,3.95,10.73,14.69
EWR,SLC,EWR->SLC,124,19.44,1.93,0.00,29.84,18.55
LAX,DCA,LAX->DCA,124,11.01,1.92,3.23,12.90,16.94
CAE,ATL,CAE->ATL,172,9.20,1.90,0.00,16.28,13.95
PHL,BNA,PHL->BNA,210,5.56,1.82,6.67,16.67,17.62
CLE,FLL,CLE->FLL,118,7.03,1.77,0.85,14.41,23.73
JAX,ORD,JAX->ORD,122,2.94,1.76,1.64,9.02,16.39
LAS,SAN,LAS->SAN,571,8.30,1.75,0.18,17.69,16.11
RNO,LAS,RNO->LAS,333,8.33,1.74,2.40,15.62,15.02
HNL,SJC,HNL->SJC,123,23.76,1.72,5.69,29.27,20.33
LAX,MCO,LAX->MCO,262,8.25,1.69,4.20,14.89,14.89
ATL,GRR,ATL->GRR,106,8.68,1.68,0.94,20.75,18.87
SAT,ATL,SAT->ATL,223,9.00,1.68,0.00,13.90,14.80
DAL,PHX,DAL->PHX,254,11.60,1.67,2.76,22.83,17.72
TUS,LAS,TUS->LAS,119,7.48,1.61,0.00,17.65,16.81
ATL,DEN,ATL->DEN,470,9.98,1.60,2.13,20.43,18.09
JAX,BWI,JAX->BWI,121,8.27,1.55,4.13,16.53,16.53
ATL,VPS,ATL->VPS,143,9.87,1.51,0.00,13.99,16.78
IAD,SFO,IAD->SFO,153,16.36,1.51,15.69,22.22,18.95
ATL,BOS,ATL->BOS,341,11.65,1.49,0.29,22.58,19.06
STL,PHX,STL->PHX,190,9.92,1.47,2.11,23.68,19.47
SAT,DAL,SAT->DAL,248,8.22,1.46,2.82,16.53,14.52
SEA,LAX,SEA->LAX,527,11.25,1.45,7.78,16.13,13.47
SFO,BUR,SFO->BUR,293,6.31,1.42,0.34,14.33,15.70
OMA,LAS,OMA->LAS,105,13.53,1.40,6.67,18.10,16.19
BOS,STL,BOS->STL,120,11.97,1.37,5.83,20.83,16.67
KOA,OGG,KOA->OGG,124,0.23,1.37,0.00,6.45,8.06
SAN,SLC,SAN->SLC,222,6.55,1.37,0.00,15.77,16.22
LAS,SNA,LAS->SNA,341,9.79,1.34,0.59,21.99,16.42
CLE,JFK,CLE->JFK,133,7.18,1.33,6.02,10.53,13.53
SMF,SEA,SMF->SEA,321,8.19,1.32,2.80,18.07,16.51
ATL,LEX,ATL->LEX,149,7.64,1.32,0.67,16.11,16.11
SNA,ORD,SNA->ORD,176,6.30,1.29,1.14,14.77,14.77
ORF,LGA,ORF->LGA,123,5.03,1.28,4.07,13.82,17.07
ATL,PNS,ATL->PNS,175,4.15,1.26,0.00,15.43,15.43
AUS,ATL,AUS->ATL,297,7.93,1.26,1.01,16.16,15.49
MCO,EWR,MCO->EWR,619,16.37,1.22,6.95,20.52,15.35
BUR,SEA,BUR->SEA,117,4.13,1.22,11.11,13.68,17.09
SAT,PHX,SAT->PHX,231,4.78,1.21,0.87,16.02,14.72
LAS,ATL,LAS->ATL,412,6.61,1.19,0.00,15.78,18.93
CHS,ATL,CHS->ATL,202,6.82,1.17,0.00,11.39,12.38
SFO,MSP,SFO->MSP,133,7.30,1.17,0.00,15.04,12.03
GSO,ATL,GSO->ATL,190,7.05,1.16,0.53,14.21,15.79
SMF,SAN,SMF->SAN,412,6.23,1.14,1.21,16.26,16.75
SJU,JFK,SJU->JFK,265,15.14,1.10,0.00,24.15,18.49
LGB,PHX,LGB->PHX,115,6.59,1.09,0.00,16.52,14.78
SFO,JFK,SFO->JFK,474,10.03,1.09,7.59,12.87,15.19
DCA,CMH,DCA->CMH,161,9.96,1.08,3.73,21.12,19.25
SAN,DEN,SAN->DEN,409,6.80,1.03,6.36,13.69,12.96
SAN,LAS,SAN->LAS,562,7.03,0.97,1.07,16.37,15.66
RSW,MSP,RSW->MSP,160,7.58,0.97,0.63,21.25,16.88
DEN,BUR,DEN->BUR,144,12.77,0.96,2.08,28.47,20.83
TPA,BNA,TPA->BNA,182,7.13,0.96,7.69,15.93,17.03
EWR,CLE,EWR->CLE,167,7.67,0.95,10.18,15.57,14.37
BWI,LAS,BWI->LAS,143,19.21,0.94,2.10,35.66,23.78
SJC,ONT,SJC->ONT,110,8.34,0.94,0.91,19.09,14.55
LGA,BNA,LGA->BNA,327,11.43,0.94,11.93,19.57,15.29
IAH,SAN,IAH->SAN,131,6.86,0.92,18.32,12.98,12.21
OAK,SEA,OAK->SEA,171,7.84,0.89,8.77,20.47,16.37
DEN,SNA,DEN->SNA,291,11.17,0.87,2.41,23.71,18.90
DAL,HOU,DAL->HOU,344,10.06,0.87,4.94,16.57,13.95
LAX,LIH,LAX->LIH,104,4.47,0.87,0.00,8.65,14.42
MKE,LAS,MKE->LAS,116,12.05,0.86,2.59,21.55,20.69
AUS,MDW,AUS->MDW,107,7.39,0.85,10.28,19.63,14.95
LGA,MEM,LGA->MEM,118,13.73,0.80,4.24,22.88,24.58
LGA,IAD,LGA->IAD,183,4.02,0.77,5.46,9.29,12.02
IND,DEN,IND->DEN,200,10.89,0.76,2.50,18.00,18.00
SRQ,BWI,SRQ->BWI,132,11.83,0.72,3.79,26.52,14.39
FAT,DEN,FAT->DEN,116,8.65,0.69,0.00,20.69,15.52
OAK,DEN,OAK->DEN,157,7.38,0.65,1.91,21.66,14.01
LAX,MSP,LAX->MSP,156,10.32,0.62,0.00,10.26,10.26
RDU,DEN,RDU->DEN,148,12.46,0.61,4.05,15.54,15.54
ORD,DAL,ORD->DAL,120,7.59,0.59,15.83,15.00,24.17
SJC,AUS,SJC->AUS,112,3.77,0.59,0.89,12.50,13.39
ATL,IAD,ATL->IAD,221,5.16,0.56,0.45,13.12,13.12
ATL,SJU,ATL->SJU,209,7.89,0.56,0.48,21.05,17.22
MCO,ISP,MCO->ISP,134,7.08,0.55,1.49,19.40,19.40
PIT,ATL,PIT->ATL,199,4.78,0.55,0.00,9.55,15.58
MAF,HOU,MAF->HOU,107,3.50,0.54,2.80,9.35,11.21
ORF,BWI,ORF->BWI,129,6.37,0.50,1.55,18.60,16.28
SRQ,ATL,SRQ->ATL,239,7.19,0.49,0.00,12.97,11.72
SNA,OAK,SNA->OAK,211,6.75,0.49,0.00,18.96,19.43
DAL,SAN,DAL->SAN,112,11.50,0.48,3.57,22.32,15.18
LGB,SLC,LGB->SLC,132,6.52,0.48,0.00,15.91,15.15
MSP,ATL,MSP->ATL,284,11.05,0.40,0.00,17.96,16.20
LAX,SEA,LAX->SEA,528,8.49,0.39,8.52,15.15,14.58
SEA,DTW,SEA->DTW,131,7.62,0.39,5.34,16.03,16.79
SLC,BUR,SLC->BUR,122,9.67,0.32,0.00,21.31,18.03
ATL,OMA,ATL->OMA,167,5.57,0.32,1.20,16.77,16.17
DAL,ORD,DAL->ORD,120,10.17,0.30,9.17,17.50,17.50
EWR,SFO,EWR->SFO,287,18.71,0.27,4.53,24.74,17.07
SMF,PHX,SMF->PHX,294,6.53,0.26,0.34,16.67,13.27
CMH,DCA,CMH->DCA,161,7.50,0.25,4.97,14.29,14.29
RDU,EWR,RDU->EWR,194,11.33,0.19,7.22,16.49,17.53
PHX,PHL,PHX->PHL,211,7.38,0.19,0.95,15.17,12.32
LAX,DEN,LAX->DEN,585,7.33,0.17,7.01,14.19,12.65
LAS,SLC,LAS->SLC,396,6.72,0.15,0.25,18.18,17.17
BUR,DEN,BUR->DEN,149,5.01,0.14,2.68,12.75,13.42
SJC,SAN,SJC->SAN,431,3.23,0.07,0.23,11.37,12.30
JAN,ATL,JAN->ATL,227,6.53,0.03,0.88,10.57,11.01
LGA,DTW,LGA->DTW,342,10.44,0.02,4.09,19.88,16.37
BOS,SFO,BOS->SFO,287,14.37,0.00,3.48,23.69,20.21
LGA,ATL,LGA->ATL,644,13.74,-0.02,0.78,18.94,16.93
ELP,DAL,ELP->DAL,139,5.29,-0.03,1.44,15.11,13.67
DEN,CLT,DEN->CLT,240,9.62,-0.03,0.00,21.67,17.08
SAT,DEN,SAT->DEN,251,7.55,-0.05,1.59,15.94,14.74
DTW,DEN,DTW->DEN,235,11.04,-0.09,1.28,22.55,21.70
LAS,BOS,LAS->BOS,115,9.99,-0.09,0.00,23.48,21.74
MSP,CLT,MSP->CLT,175,9.99,-0.10,0.00,17.14,19.43
MSP,STL,MSP->STL,159,7.28,-0.12,2.52,16.98,19.50
GSP,ATL,GSP->ATL,262,8.95,-0.12,0.76,14.50,12.21
LAX,SJC,LAX->SJC,421,5.66,-0.14,0.00,15.44,13.30
DAL,LAX,DAL->LAX,186,11.65,-0.14,2.69,24.19,19.89
SAN,IAD,SAN->IAD,143,3.75,-0.28,22.38,6.99,7.69
CMH,MDW,CMH->MDW,107,7.58,-0.29,13.08,16.82,16.82
PBI,ATL,PBI->ATL,341,6.86,-0.31,0.00,14.08,14.37
EWR,BNA,EWR->BNA,136,9.52,-0.33,10.29,15.44,17.65
DCA,JFK,DCA->JFK,186,6.39,-0.36,5.38,15.05,14.52
ELP,DEN,ELP->DEN,102,2.74,-0.36,0.98,12.75,16.67
SNA,SLC,SNA->SLC,130,5.58,-0.41,0.00,18.46,15.38
MCI,LAS,MCI->LAS,154,10.41,-0.47,3.90,22.08,22.08
MYR,CLT,MYR->CLT,187,7.30,-0.54,1.07,14.97,13.90
ORF,ATL,ORF->ATL,167,9.83,-0.54,1.20,12.57,10.18
SEA,MCO,SEA->MCO,154,8.39,-0.60,22.73,14.29,12.34
LAS,JFK,LAS->JFK,214,7.45,-0.61,0.93,14.49,20.09
TPA,LAX,TPA->LAX,105,9.00,-0.65,0.95,19.05,20.95
ISP,BWI,ISP->BWI,112,6.93,-0.68,3.57,14.29,14.29
MSP,BNA,MSP->BNA,121,6.98,-0.74,3.31,15.70,15.70
LGA,MSP,LGA->MSP,197,17.46,-0.75,1.02,12.69,10.66
SYR,JFK,SYR->JFK,122,4.88,-0.75,6.56,11.48,14.75
OAK,SAN,OAK->SAN,279,6.05,-0.76,0.72,17.92,12.54
LAX,PHL,LAX->PHL,202,6.46,-0.78,0.99,13.37,12.87
PDX,LAX,PDX->LAX,298,8.61,-0.79,9.73,14.09,15.10
PHX,ATL,PHX->ATL,275,7.17,-0.80,0.00,17.09,15.27
BOS,CLE,BOS->CLE,113,8.27,-0.84,5.31,19.47,17.70
LGA,CMH,LGA->CMH,225,10.03,-0.86,4.00,19.11,16.00
LAX,SMF,LAX->SMF,402,4.59,-0.91,0.25,13.18,11.94
LAS,MSP,LAS->MSP,228,6.47,-0.94,0.44,16.23,12.72
EWR,MSP,EWR->MSP,171,14.19,-0.94,2.34,16.37,14.04
BUR,OAK,BUR->OAK,259,4.41,-0.94,1.16,11.20,9.27
OAK,ONT,OAK->ONT,127,8.08,-0.95,0.00,20.47,12.60
MSP,FAR,MSP->FAR,141,9.27,-0.98,0.00,14.89,14.18
MCO,SLC,MCO->SLC,191,8.92,-0.99,0.00,19.37,23.56
LAX,TPA,LAX->TPA,105,5.52,-0.99,0.95,12.38,15.24
TUS,DEN,TUS->DEN,216,7.84,-1.10,2.78,13.89,11.57
SJC,SEA,SJC->SEA,324,5.29,-1.10,7.72,13.89,13.89
MSP,EWR,MSP->EWR,171,7.36,-1.16,1.75,14.04,14.62
SEA,SNA,SEA->SNA,339,7.02,-1.17,0.88,21.83,15.93
LGB,OAK,LGB->OAK,149,3.22,-1.18,0.67,12.75,10.07
DTW,LAX,DTW->LAX,194,19.46,-1.26,1.55,20.10,17.01
SAT,CLT,SAT->CLT,116,3.81,-1.29,0.00,10.34,12.93
LEX,ATL,LEX->ATL,148,8.45,-1.29,0.68,16.22,16.89
OGG,LAX,OGG->LAX,168,13.96,-1.30,2.38,13.69,13.10
LGA,SDF,LGA->SDF,126,9.55,-1.31,3.97,13.49,15.87
PBI,LGA,PBI->LGA,297,13.54,-1.32,1.68,21.89,15.49
OAK,BUR,OAK->BUR,264,7.95,-1.35,1.14,17.80,14.02
MSP,IAH,MSP->IAH,152,12.01,-1.41,2.63,13.16,14.47
BOS,CMH,BOS->CMH,109,3.19,-1.42,4.59,12.84,11.93
MSP,FSD,MSP->FSD,118,11.47,-1.46,3.39,20.34,17.80
ALB,BWI,ALB->BWI,136,5.57,-1.47,1.47,13.97,10.29
IND,PHL,IND->PHL,115,1.95,-1.52,3.48,11.30,11.30
LAS,ONT,LAS->ONT,197,6.72,-1.52,0.00,17.77,12.18
LGB,SJC,LGB->SJC,111,4.66,-1.63,1.80,14.41,12.61
ATL,MSP,ATL->MSP,283,10.64,-1.65,0.00,14.84,11.31
ONT,DEN,ONT->DEN,229,7.05,-1.69,1.75,13.54,11.35
LGB,SMF,LGB->SMF,166,3.30,-1.69,1.81,13.25,9.64
LGA,MCI,LGA->MCI,174,13.82,-1.75,5.75,22.41,20.11
BUR,SJC,BUR->SJC,194,4.16,-1.77,2.58,13.92,11.34
STL,BNA,STL->BNA,107,2.94,-1.81,7.48,13.08,14.02
IND,LGA,IND->LGA,201,3.43,-1.86,4.98,11.94,13.43
PHX,MIA,PHX->MIA,155,2.65,-1.87,0.00,10.32,18.06
LAS,CLT,LAS->CLT,206,9.78,-1.88,0.49,17.96,14.08
ABQ,LAX,ABQ->LAX,176,6.11,-1.89,0.00,7.95,7.39
DEN,ELP,DEN->ELP,102,7.66,-1.99,0.98,24.51,13.73
GEG,DEN,GEG->DEN,129,3.50,-2.01,4.65,13.18,17.05
DCA,LAX,DCA->LAX,124,10.98,-2.01,1.61,19.35,21.77
BOS,CVG,BOS->CVG,138,6.06,-2.01,1.45,19.57,15.22
BWI,DEN,BWI->DEN,239,13.13,-2.02,3.77,26.36,19.67
LGA,GSO,LGA->GSO,132,9.52,-2.04,3.03,15.15,15.15
KOA,SEA,KOA->SEA,109,22.11,-2.05,19.27,27.52,13.76
MKE,DEN,MKE->DEN,215,8.46,-2.09,6.05,13.49,16.74
CVG,MSP,CVG->MSP,107,5.65,-2.11,0.00,13.08,18.69
SJC,DEN,SJC->DEN,227,3.33,-2.13,2.64,14.98,14.54
RDU,BWI,RDU->BWI,151,5.67,-2.19,3.97,17.22,13.25
CLE,DEN,CLE->DEN,134,11.78,-2.23,2.24,19.40,19.40
SJC,SLC,SJC->SLC,150,4.52,-2.23,0.00,15.33,13.33
EWR,DEN,EWR->DEN,221,16.17,-2.29,22.17,18.10,12.67
SMF,SNA,SMF->SNA,195,5.34,-2.30,0.00,17.44,13.33
ABQ,DEN,ABQ->DEN,211,5.24,-2.34,5.21,13.74,14.22
LGA,DCA,LGA->DCA,352,5.57,-2.35,5.97,12.78,13.07
RIC,ATL,RIC->ATL,246,2.68,-2.36,0.00,11.38,16.26
EWR,LAX,EWR->LAX,435,14.09,-2.37,5.75,20.00,17.24
PHX,CLT,PHX->CLT,242,7.88,-2.45,0.00,14.46,14.05
CLT,MSP,CLT->MSP,175,11.27,-2.50,0.00,22.86,16.57
LAX,SAN,LAX->SAN,178,3.03,-2.51,0.00,9.55,10.11
LGA,CLE,LGA->CLE,199,7.70,-2.56,6.53,14.57,12.56
OAK,LAX,OAK->LAX,319,6.62,-2.62,0.63,17.24,10.66
SFO,ATL,SFO->ATL,204,6.50,-2.69,1.47,12.75,12.75
CVG,JFK,CVG->JFK,167,6.75,-2.75,1.20,11.98,11.98
LGA,MDW,LGA->MDW,219,14.37,-2.77,14.61,22.37,16.44
EWR,CHS,EWR->CHS,120,2.88,-2.77,0.00,12.50,13.33
PSP,DEN,PSP->DEN,146,6.88,-2.80,0.00,13.70,9.59
MAF,DAL,MAF->DAL,126,3.90,-2.84,2.38,11.90,11.11
SMF,BUR,SMF->BUR,224,4.56,-2.86,0.89,11.16,9.82
SEA,MSP,SEA->MSP,180,6.15,-2.88,5.56,11.11,8.33
DAY,ATL,DAY->ATL,106,5.96,-2.91,0.00,10.38,13.21
ATL,SLC,ATL->SLC,257,9.91,-2.98,0.00,22.57,19.07
PVD,BWI,PVD->BWI,143,5.39,-2.99,4.20,14.69,11.89
JFK,CVG,JFK->CVG,167,5.61,-3.01,3.59,12.57,15.57
SLC,LGB,SLC->LGB,132,8.00,-3.03,0.00,20.45,14.39
LGA,IND,LGA->IND,199,8.13,-3.04,4.52,16.08,15.58
SNA,SJC,SNA->SJC,239,3.91,-3.05,0.00,13.39,12.55
SLC,LAX,SLC->LAX,465,7.16,-3.06,0.22,17.20,14.84
BUR,SMF,BUR->SMF,216,3.91,-3.08,1.39,15.28,11.57
PSP,SEA,PSP->SEA,189,2.28,-3.08,16.40,9.52,12.17
JFK,CLE,JFK->CLE,132,6.79,-3.11,4.55,12.12,10.61
JFK,SEA,JFK->SEA,189,16.28,-3.15,10.58,18.52,13.23
LAX,SLC,LAX->SLC,467,3.32,-3.16,0.21,11.35,10.28
IAH,EWR,IAH->EWR,283,12.73,-3.16,11.66,19.08,11.31
SJC,BUR,SJC->BUR,202,5.72,-3.18,1.49,13.86,11.88
SAN,ORD,SAN->ORD,210,2.48,-3.19,8.10,10.48,12.38
HNL,LAS,HNL->LAS,120,14.71,-3.25,0.83,25.00,17.50
SAT,LAX,SAT->LAX,164,4.47,-3.27,0.00,13.41,11.59
ONT,SJC,ONT->SJC,110,4.85,-3.32,0.00,15.45,10.00
BOS,SEA,BOS->SEA,158,15.40,-3.35,3.16,22.78,18.35
RAP,DEN,RAP->DEN,119,6.71,-3.52,2.52,14.29,16.81
SAV,ATL,SAV->ATL,196,5.90,-3.53,0.00,10.71,9.18
SMF,LGB,SMF->LGB,166,4.70,-3.58,1.20,13.86,8.43
SJC,LGB,SJC->LGB,111,3.90,-3.63,1.80,15.32,10.81
SNA,DEN,SNA->DEN,291,3.12,-3.64,2.41,12.03,11.00
BOS,DEN,BOS->DEN,247,11.66,-3.67,10.93,16.19,16.19
LGA,CVG,LGA->CVG,177,9.69,-3.72,5.65,16.95,15.25
LGA,STL,LGA->STL,312,11.65,-3.72,7.37,18.59,17.95
CMH,BOS,CMH->BOS,110,-2.87,-3.75,3.64,7.27,12.73
HNL,SFO,HNL->SFO,198,14.43,-3.88,7.58,20.20,13.13
IND,JFK,IND->JFK,164,6.51,-3.88,3.66,13.41,13.41
LGA,DEN,LGA->DEN,378,14.80,-3.89,1.06,18.78,16.93
JFK,PIT,JFK->PIT,144,2.50,-3.92,2.08,11.81,13.19
ONT,OAK,ONT->OAK,135,2.90,-3.94,0.00,9.63,7.41
MYR,ATL,MYR->ATL,101,0.87,-3.95,0.00,8.91,7.92
BOS,EWR,BOS->EWR,286,6.03,-3.99,3.85,13.29,12.24
ATL,LAX,ATL->LAX,399,10.08,-3.99,0.00,21.55,17.54
LGA,OMA,LGA->OMA,119,3.21,-4.13,5.88,15.13,15.13
MCO,SEA,MCO->SEA,154,10.17,-4.21,19.48,13.64,14.29
BOS,MSP,BOS->MSP,155,13.89,-4.32,0.65,16.77,18.06
SAN,LAX,SAN->LAX,178,0.19,-4.34,0.00,7.30,7.30
MSP,PHX,MSP->PHX,262,13.16,-4.35,0.00,11.83,11.07
MSP,DEN,MSP->DEN,472,7.09,-4.38,3.39,15.47,14.41
JAX,EWR,JAX->EWR,123,11.36,-4.45,3.25,15.45,11.38
JAX,ATL,JAX->ATL,366,3.73,-4.47,0.27,10.66,9.56
GSO,LGA,GSO->LGA,133,4.26,-4.47,3.01,9.77,11.28
RSW,ATL,RSW->ATL,331,3.28,-4.55,0.00,12.39,12.08
DCA,IND,DCA->IND,162,6.04,-4.72,4.94,12.96,12.96
AUS,EWR,AUS->EWR,137,12.37,-4.78,9.49,18.25,13.87
OAK,SNA,OAK->SNA,211,5.22,-4.85,0.00,14.22,11.37
GNV,ATL,GNV->ATL,136,4.40,-4.99,2.94,13.97,11.03
LGA,ORF,LGA->ORF,124,5.56,-5.05,4.03,16.13,14.52
MSP,LAS,MSP->LAS,227,9.92,-5.18,0.00,17.18,13.22
SJC,LAX,SJC->LAX,409,4.31,-5.21,0.00,11.00,11.74
LGA,CHO,LGA->CHO,119,5.54,-5.23,6.72,15.97,15.13
AMA,DAL,AMA->DAL,114,1.76,-5.25,3.51,9.65,10.53
IND,LAS,IND->LAS,113,9.76,-5.31,0.00,20.35,20.35
AUS,MSP,AUS->MSP,104,1.83,-5.47,0.96,11.54,10.58
MSP,SFO,MSP->SFO,132,13.62,-5.63,0.00,21.97,20.45
SJC,SNA,SJC->SNA,239,3.37,-5.72,0.84,12.13,8.79
SMF,LAX,SMF->LAX,402,2.79,-5.75,0.25,11.44,8.71
EWR,LAS,EWR->LAS,230,14.75,-5.79,6.96,23.91,13.48
CMH,JFK,CMH->JFK,134,0.70,-5.86,2.24,8.21,12.69
LBB,DAL,LBB->DAL,131,4.59,-5.90,4.58,16.03,8.40
MCO,MSP,MCO->MSP,201,5.48,-6.00,0.50,10.95,9.45
ATL,SEA,ATL->SEA,233,10.79,-6.19,6.44,18.03,13.30
CLE,EWR,CLE->EWR,167,2.38,-6.21,11.38,7.19,7.78
TPA,EWR,TPA->EWR,256,9.53,-6.23,15.23,14.45,10.55
SNA,IAH,SNA->IAH,113,12.90,-6.32,3.54,7.96,5.31
MSP,TPA,MSP->TPA,102,4.94,-6.47,0.00,13.73,11.76
OAK,LGB,OAK->LGB,149,3.34,-6.51,1.34,13.42,9.40
IAD,LGA,IAD->LGA,184,4.47,-6.74,5.43,10.33,14.13
RNO,LAX,RNO->LAX,206,3.55,-6.76,0.97,11.65,8.74
IAD,SAN,IAD->SAN,143,-0.44,-6.76,21.68,5.59,13.29
IND,DCA,IND->DCA,163,-0.44,-6.76,4.29,8.59,9.82
BWI,LAX,BWI->LAX,124,13.69,-6.91,11.29,30.65,19.35
JFK,DCA,JFK->DCA,186,8.33,-7.02,3.76,10.22,12.37
PIT,DEN,PIT->DEN,124,6.13,-7.37,0.81,13.71,12.10
MSP,SLC,MSP->SLC,124,4.81,-7.50,0.00,13.71,12.90
KOA,LAX,KOA->LAX,132,11.55,-7.52,1.52,11.36,6.82
IAD,SEA,IAD->SEA,105,12.77,-7.82,21.90,17.14,9.52
BOS,LAX,BOS->LAX,277,14.41,-7.91,0.72,20.94,16.97
SAN,ATL,SAN->ATL,143,3.53,-7.94,0.00,10.49,7.69
CVG,EWR,CVG->EWR,162,5.05,-8.03,4.32,13.58,9.88
HNL,LAX,HNL->LAX,428,10.84,-8.07,2.34,18.93,11.45
EWR,PHX,EWR->PHX,257,10.59,-8.09,3.89,19.46,13.23
MLB,ATL,MLB->ATL,105,1.25,-8.12,0.00,13.33,9.52
MSP,AUS,MSP->AUS,107,4.52,-8.28,2.80,11.21,9.35
ONT,SEA,ONT->SEA,143,1.43,-8.48,11.89,6.29,6.99
JFK,SFO,JFK->SFO,473,11.80,-9.06,5.50,18.18,17.12
CHS,EWR,CHS->EWR,121,5.64,-9.13,0.83,12.40,9.09
SMF,ONT,SMF->ONT,141,1.13,-9.29,0.00,8.51,3.55
IND,EWR,IND->EWR,167,5.72,-10.00,1.20,13.17,10.78
TPA,MSP,TPA->MSP,102,3.13,-10.17,0.00,12.75,6.86
JFK,DEN,JFK->DEN,101,10.10,-10.25,0.00,21.78,20.79
EWR,IND,EWR->IND,167,3.17,-10.40,2.40,10.78,11.98
LIH,LAX,LIH->LAX,104,7.72,-10.51,0.00,19.23,12.50
PIT,JFK,PIT->JFK,143,-2.67,-10.53,2.10,5.59,7.69
EWR,PIT,EWR->PIT,182,-0.39,-10.58,2.20,7.14,9.34
ATL,SAN,ATL->SAN,143,4.55,-10.67,0.00,11.89,11.19
EWR,SEA,EWR->SEA,130,15.05,-10.96,13.85,24.62,13.08
PNS,ATL,PNS->ATL,175,-1.70,-11.25,0.00,6.86,4.57
MSP,SEA,MSP->SEA,181,5.91,-12.28,6.08,12.15,11.05
JFK,LAX,JFK->LAX,752,4.85,-12.28,0.00,11.84,13.16
JFK,SAN,JFK->SAN,168,6.95,-12.86,8.33,14.29,12.50
JFK,SLC,JFK->SLC,193,10.01,-12.94,0.00,21.24,18.13
JFK,PHX,JFK->PHX,225,7.21,-13.72,0.89,15.56,13.78
MSP,LAX,MSP->LAX,156,6.94,-15.31,0.00,12.18,6.41
EWR,CMH,EWR->CMH,152,-0.92,-15.83,1.97,7.89,7.89
PIT,EWR,PIT->EWR,181,1.41,-16.87,1.66,10.50,8.84
CMH,EWR,CMH->EWR,152,-0.43,-18.51,2.63,9.87,3.95
JFK,LAS,JFK->LAS,212,11.69,-19.50,0.47,19.34,12.74
